playerId,season,name,team,position,situation,games_played,icetime,xGoals,goals,unblocked_shot_attempts,xRebounds,rebounds,xFreeze,freeze,xOnGoal,ongoal,xPlayStopped,playStopped,xPlayContinuedInZone,playContinuedInZone,xPlayContinuedOutsideZone,playContinuedOutsideZone,flurryAdjustedxGoals,lowDangerShots,mediumDangerShots,highDangerShots,lowDangerxGoals,mediumDangerxGoals,highDangerxGoals,lowDangerGoals,mediumDangerGoals,highDangerGoals,blocked_shot_attempts,penalityMinutes,penalties
8476899,2022,Matt Murray,TOR,G,other,10,1354.0,3.8,4.0,49.0,2.15,5.0,5.29,6.0,26.15,32.0,0.23,0.0,15.96,12.0,6.86,7.0,3.37,19.0,9.0,7.0,0.7,1.16,1.93,1.0,1.0,2.0,14.0,0.0,0.0
8476899,2022,Matt Murray,TOR,G,all,10,36008.0,32.8,25.0,649.0,23.87,37.0,78.38,79.0,336.89,337.0,9.0,7.0,187.67,158.0,128.87,150.0,31.19,320.0,113.0,30.0,9.45,14.08,9.28,6.0,12.0,7.0,186.0,0.0,0.0
8476899,2022,Matt Murray,TOR,G,5on5,10,27721.0,19.89,15.0,476.0,15.62,25.0,58.54,52.0,235.72,226.0,6.72,6.0,128.97,112.0,94.93,111.0,19.2,243.0,67.0,16.0,7.0,8.34,4.55,5.0,8.0,2.0,150.0,0.0,0.0
8476899,2022,Matt Murray,TOR,G,4on5,10,3742.0,7.52,6.0,106.0,5.37,5.0,12.81,18.0,62.54,67.0,0.41,1.0,38.91,31.0,19.36,24.0,7.08,50.0,30.0,6.0,1.42,3.53,2.57,0.0,3.0,3.0,20.0,0.0,0.0
8476899,2022,Matt Murray,TOR,G,5on4,10,3191.0,1.59,0.0,18.0,0.73,2.0,1.75,3.0,12.48,12.0,1.64,0.0,3.83,3.0,7.73,8.0,1.53,8.0,7.0,1.0,0.32,1.04,0.22,0.0,0.0,0.0,2.0,0.0,0.0
8474593,2022,Jacob Markstrom,CGY,G,other,19,2088.0,8.1,6.0,75.0,3.56,4.0,7.97,6.0,44.59,45.0,0.51,2.0,23.84,26.0,14.09,15.0,6.96,27.0,19.0,13.0,1.13,2.56,4.41,1.0,2.0,3.0,16.0,0.0,0.0
8474593,2022,Jacob Markstrom,CGY,G,all,19,66520.0,58.05,52.0,990.0,36.8,47.0,120.31,127.0,535.59,505.0,20.49,16.0,290.93,219.0,212.24,271.0,54.65,513.0,162.0,61.0,15.13,19.88,23.04,12.0,25.0,15.0,254.0,2.0,1.0
8474593,2022,Jacob Markstrom,CGY,G,5on5,19,51832.0,34.29,35.0,735.0,25.71,36.0,93.07,101.0,389.37,371.0,15.46,11.0,211.19,143.0,160.78,209.0,33.13,394.0,116.0,28.0,11.76,14.18,8.36,11.0,18.0,6.0,197.0,0.0,0.0
8474593,2022,Jacob Markstrom,CGY,G,4on5,19,6603.0,14.07,9.0,154.0,6.79,6.0,16.97,18.0,85.64,72.0,1.17,1.0,50.66,48.0,26.77,34.0,13.0,78.0,21.0,19.0,1.79,2.28,9.99,0.0,3.0,6.0,36.0,2.0,1.0
8474593,2022,Jacob Markstrom,CGY,G,5on4,19,5997.0,1.33,1.0,23.0,0.61,1.0,2.07,2.0,14.51,16.0,3.2,2.0,4.3,1.0,10.22,13.0,1.31,14.0,4.0,1.0,0.45,0.6,0.28,0.0,1.0,0.0,4.0,0.0,0.0
8477293,2022,Antti Raanta,CAR,G,other,9,584.0,0.67,1.0,10.0,0.42,0.0,0.92,0.0,5.38,5.0,0.27,0.0,3.11,4.0,1.71,2.0,0.66,5.0,1.0,1.0,0.31,0.09,0.27,0.0,1.0,0.0,3.0,0.0,0.0
8477293,2022,Antti Raanta,CAR,G,all,9,31568.0,21.0,23.0,362.0,15.42,18.0,44.84,39.0,210.6,217.0,10.5,11.0,116.84,89.0,86.87,118.0,20.25,199.0,75.0,18.0,6.31,8.83,5.86,8.0,11.0,4.0,70.0,0.0,0.0
8477293,2022,Antti Raanta,CAR,G,5on5,9,24026.0,11.12,12.0,239.0,9.25,11.0,30.18,26.0,134.43,132.0,7.68,10.0,75.18,56.0,55.97,79.0,10.79,136.0,43.0,7.0,4.02,5.3,1.8,6.0,6.0,0.0,53.0,0.0,0.0
8477293,2022,Antti Raanta,CAR,G,4on5,9,3640.0,7.13,9.0,81.0,4.53,6.0,10.49,12.0,49.23,55.0,0.29,0.0,30.58,26.0,15.48,16.0,6.75,39.0,23.0,8.0,1.4,2.58,3.15,2.0,3.0,4.0,11.0,0.0,0.0
8477293,2022,Antti Raanta,CAR,G,5on4,9,3318.0,1.14,0.0,24.0,0.82,0.0,2.13,1.0,15.38,19.0,2.09,1.0,5.3,3.0,11.07,15.0,1.13,17.0,3.0,1.0,0.53,0.34,0.27,0.0,0.0,0.0,3.0,0.0,0.0
8481611,2022,Pyotr Kochetkov,CAR,G,other,11,1001.0,3.94,5.0,33.0,1.67,2.0,3.66,4.0,20.6,21.0,0.41,0.0,11.02,9.0,6.97,8.0,3.62,12.0,12.0,4.0,0.65,1.64,1.65,2.0,3.0,0.0,5.0,0.0,0.0
8481611,2022,Pyotr Kochetkov,CAR,G,all,11,37474.0,30.62,23.0,502.0,20.46,27.0,62.57,59.0,276.67,282.0,11.81,10.0,146.82,132.0,105.57,127.0,27.22,239.0,104.0,32.0,7.02,12.91,10.69,5.0,15.0,3.0,127.0,0.0,0.0
8481611,2022,Pyotr Kochetkov,CAR,G,5on5,11,31079.0,19.47,15.0,401.0,15.03,18.0,50.66,42.0,214.17,217.0,9.7,9.0,114.38,107.0,85.56,103.0,18.95,199.0,74.0,19.0,5.62,9.0,4.85,3.0,10.0,2.0,109.0,0.0,0.0
8481611,2022,Pyotr Kochetkov,CAR,G,4on5,11,2600.0,6.57,2.0,62.0,3.42,7.0,7.59,11.0,37.62,39.0,0.29,0.0,19.71,16.0,10.55,13.0,4.01,26.0,15.0,8.0,0.71,1.93,3.93,0.0,1.0,1.0,13.0,0.0,0.0
8481611,2022,Pyotr Kochetkov,CAR,G,5on4,11,2794.0,0.52,0.0,5.0,0.3,0.0,0.53,2.0,3.53,4.0,1.42,1.0,1.38,0.0,2.13,3.0,0.52,2.0,2.0,1.0,0.03,0.23,0.26,0.0,0.0,0.0,0.0,0.0,0.0
8476433,2022,Magnus Hellberg,OTT,G,other,1,197.0,0.84,0.0,9.0,0.3,1.0,0.73,0.0,3.77,3.0,0.0,0.0,2.35,3.0,0.64,1.0,0.72,3.0,0.0,2.0,0.2,0.0,0.65,0.0,0.0,0.0,4.0,0.0,0.0
8476433,2022,Magnus Hellberg,OTT,G,all,1,3600.0,3.59,2.0,55.0,2.21,2.0,6.36,7.0,28.81,31.0,1.17,1.0,15.81,14.0,10.11,13.0,3.39,23.0,11.0,5.0,0.7,1.45,1.44,0.0,2.0,0.0,16.0,0.0,0.0
8476433,2022,Magnus Hellberg,OTT,G,5on5,1,2619.0,2.73,2.0,40.0,1.81,1.0,5.33,6.0,23.64,26.0,0.79,0.0,12.43,11.0,8.96,11.0,2.66,18.0,11.0,3.0,0.5,1.45,0.79,0.0,2.0,0.0,8.0,0.0,0.0
8476433,2022,Magnus Hellberg,OTT,G,4on5,1,360.0,0.01,0.0,5.0,0.1,0.0,0.3,1.0,1.4,2.0,0.07,0.0,1.03,0.0,0.51,1.0,0.01,2.0,0.0,0.0,0.01,0.0,0.0,0.0,0.0,0.0,3.0,0.0,0.0
8476433,2022,Magnus Hellberg,OTT,G,5on4,1,424.0,0.0,0.0,1.0,0.0,0.0,0.0,0.0,0.0,0.0,0.31,1.0,0.0,0.0,0.0,0.0,0.0,0.0,0.0,0.0,0.0,0.0,0.0,0.0,0.0,0.0,1.0,0.0,0.0
8477970,2022,Vitek Vanecek,NJD,G,other,19,1680.0,2.38,5.0,38.0,1.18,2.0,2.86,1.0,16.3,14.0,0.56,0.0,10.5,12.0,4.57,2.0,2.15,14.0,5.0,3.0,0.65,0.51,1.23,2.0,1.0,2.0,16.0,0.0,0.0
8477970,2022,Vitek Vanecek,NJD,G,all,19,61728.0,39.01,41.0,897.0,31.47,39.0,110.21,79.0,477.26,465.0,19.26,15.0,264.65,225.0,197.66,264.0,37.79,500.0,126.0,33.0,13.32,15.17,10.53,12.0,14.0,15.0,238.0,2.0,1.0
8477970,2022,Vitek Vanecek,NJD,G,5on5,19,49467.0,27.59,27.0,688.0,22.36,26.0,87.89,71.0,362.43,357.0,15.81,13.0,197.15,165.0,153.76,202.0,26.93,383.0,96.0,22.0,10.35,11.55,5.69,9.0,10.0,8.0,187.0,2.0,1.0
8477970,2022,Vitek Vanecek,NJD,G,4on5,19,5701.0,7.91,9.0,146.0,7.21,11.0,17.06,6.0,82.86,82.0,0.25,0.0,51.74,43.0,28.34,45.0,7.58,88.0,19.0,8.0,1.89,2.4,3.61,1.0,3.0,5.0,31.0,0.0,0.0
8477970,2022,Vitek Vanecek,NJD,G,5on4,19,4880.0,1.13,0.0,25.0,0.72,0.0,2.4,1.0,15.66,12.0,2.63,2.0,5.26,5.0,11.0,15.0,1.12,15.0,6.0,0.0,0.43,0.7,0.0,0.0,0.0,0.0,4.0,0.0,0.0
8480925,2022,Pavel Francouz,COL,G,other,8,646.0,0.66,1.0,13.0,0.51,0.0,1.58,2.0,6.88,8.0,0.32,0.0,4.18,6.0,2.78,1.0,0.65,8.0,1.0,1.0,0.3,0.1,0.26,1.0,0.0,0.0,3.0,0.0,0.0
8480925,2022,Pavel Francouz,COL,G,all,8,28559.0,22.51,23.0,449.0,17.38,20.0,58.11,58.0,247.94,258.0,6.56,8.0,137.86,114.0,99.73,117.0,21.79,256.0,65.0,23.0,7.43,7.74,7.35,4.0,10.0,9.0,105.0,0.0,0.0
8480925,2022,Pavel Francouz,COL,G,5on5,8,21436.0,16.01,14.0,348.0,13.03,16.0,47.14,51.0,192.77,204.0,4.5,7.0,106.31,83.0,77.9,94.0,15.56,202.0,50.0,15.0,5.77,6.15,4.09,2.0,6.0,6.0,81.0,0.0,0.0
8480925,2022,Pavel Francouz,COL,G,4on5,8,3459.0,5.29,6.0,74.0,3.52,4.0,8.34,3.0,40.29,35.0,0.26,0.0,24.77,21.0,12.81,19.0,5.04,38.0,11.0,7.0,1.15,1.14,3.0,1.0,2.0,3.0,18.0,0.0,0.0
8480925,2022,Pavel Francouz,COL,G,5on4,8,3018.0,0.55,2.0,14.0,0.32,0.0,1.06,2.0,8.01,11.0,1.48,1.0,2.59,4.0,6.24,3.0,0.55,8.0,3.0,0.0,0.2,0.36,0.0,0.0,2.0,0.0,3.0,0.0,0.0
8476932,2022,Anthony Stolarz,ANA,G,other,13,821.0,1.41,1.0,25.0,0.86,1.0,2.41,2.0,12.31,12.0,0.61,0.0,5.6,3.0,5.33,9.0,1.35,9.0,6.0,1.0,0.27,0.84,0.3,1.0,0.0,0.0,9.0,0.0,0.0
8476932,2022,Anthony Stolarz,ANA,G,all,13,32218.0,33.12,36.0,556.0,22.86,46.0,71.27,49.0,316.06,317.0,8.81,4.0,175.64,131.0,126.28,163.0,31.41,304.0,103.0,33.0,9.96,12.8,10.36,18.0,10.0,8.0,116.0,0.0,0.0
8476932,2022,Anthony Stolarz,ANA,G,5on5,13,25396.0,23.15,26.0,433.0,16.92,35.0,57.33,42.0,243.78,246.0,6.41,3.0,137.29,101.0,99.84,127.0,21.89,246.0,76.0,21.0,8.13,9.09,5.93,12.0,10.0,4.0,90.0,0.0,0.0
8476932,2022,Anthony Stolarz,ANA,G,4on5,13,2911.0,7.87,9.0,88.0,4.77,10.0,10.44,5.0,52.38,52.0,0.26,0.0,30.46,25.0,15.74,19.0,7.48,41.0,21.0,9.0,1.42,2.87,3.59,5.0,0.0,4.0,17.0,0.0,0.0
8476932,2022,Anthony Stolarz,ANA,G,5on4,13,3090.0,0.69,0.0,10.0,0.32,0.0,1.08,0.0,7.59,7.0,1.54,1.0,2.29,2.0,5.38,8.0,0.69,8.0,0.0,2.0,0.15,0.0,0.54,0.0,0.0,0.0,0.0,0.0,0.0
8481033,2022,Akira Schmid,NJD,G,other,6,746.0,0.89,0.0,15.0,0.73,1.0,1.62,1.0,8.48,9.0,0.15,0.0,5.97,7.0,2.52,3.0,0.88,8.0,4.0,0.0,0.27,0.62,0.0,0.0,0.0,0.0,3.0,0.0,0.0
8481033,2022,Akira Schmid,NJD,G,all,6,16921.0,13.06,8.0,253.0,10.17,12.0,31.17,27.0,140.97,133.0,5.29,6.0,80.84,82.0,57.14,65.0,12.74,143.0,43.0,11.0,3.91,5.34,3.81,1.0,3.0,4.0,56.0,0.0,0.0
8481033,2022,Akira Schmid,NJD,G,5on5,6,13039.0,8.31,4.0,182.0,6.44,7.0,22.85,22.0,97.29,91.0,3.93,5.0,55.26,55.0,40.99,46.0,8.16,99.0,32.0,6.0,2.84,4.02,1.44,1.0,2.0,1.0,45.0,0.0,0.0
8481033,2022,Akira Schmid,NJD,G,4on5,6,1381.0,3.43,4.0,40.0,2.33,4.0,4.98,3.0,24.95,23.0,0.16,0.0,14.01,14.0,7.38,8.0,3.28,23.0,5.0,5.0,0.56,0.51,2.37,0.0,1.0,3.0,7.0,0.0,0.0
8481033,2022,Akira Schmid,NJD,G,5on4,6,1755.0,0.1,0.0,6.0,0.2,0.0,0.55,0.0,3.76,5.0,0.95,1.0,1.61,2.0,3.4,4.0,0.1,6.0,0.0,0.0,0.1,0.0,0.0,0.0,0.0,0.0,0.0,0.0,0.0
8479496,2022,David Rittich,WPG,G,other,6,643.0,1.36,5.0,19.0,0.92,0.0,2.17,3.0,11.59,13.0,0.17,0.0,7.01,5.0,4.15,3.0,1.33,11.0,4.0,1.0,0.48,0.64,0.24,3.0,1.0,1.0,3.0,0.0,0.0
8479496,2022,David Rittich,WPG,G,all,6,21164.0,13.84,16.0,317.0,10.9,6.0,38.96,40.0,164.92,149.0,6.4,6.0,94.22,75.0,69.59,94.0,13.54,177.0,42.0,14.0,5.09,5.15,3.61,10.0,3.0,3.0,84.0,0.0,0.0
8479496,2022,David Rittich,WPG,G,5on5,6,16767.0,9.26,11.0,242.0,7.89,6.0,31.73,33.0,124.38,108.0,5.0,6.0,71.31,59.0,51.65,66.0,9.05,142.0,25.0,9.0,3.89,2.96,2.41,7.0,2.0,2.0,66.0,0.0,0.0
8479496,2022,David Rittich,WPG,G,4on5,6,1602.0,1.75,0.0,41.0,1.49,0.0,3.85,3.0,17.97,16.0,0.22,0.0,12.64,9.0,6.61,14.0,1.69,17.0,10.0,0.0,0.63,1.12,0.0,0.0,0.0,0.0,14.0,0.0,0.0
8479496,2022,David Rittich,WPG,G,5on4,6,2152.0,1.47,0.0,15.0,0.6,0.0,1.21,1.0,10.98,12.0,1.0,0.0,3.26,2.0,7.19,11.0,1.47,7.0,3.0,4.0,0.08,0.43,0.96,0.0,0.0,0.0,1.0,0.0,0.0
8479380,2022,Dylan Wells,CHI,G,other,1,81.0,0.09,0.0,2.0,0.06,0.0,0.11,0.0,0.8,0.0,0.0,0.0,0.36,0.0,0.35,1.0,0.09,0.0,1.0,0.0,0.0,0.09,0.0,0.0,0.0,0.0,1.0,0.0,0.0
8479380,2022,Dylan Wells,CHI,G,all,1,1200.0,1.57,1.0,30.0,0.97,0.0,3.02,1.0,14.1,13.0,0.3,0.0,8.5,12.0,6.42,7.0,1.54,14.0,5.0,2.0,0.53,0.53,0.5,1.0,0.0,0.0,9.0,0.0,0.0
8479380,2022,Dylan Wells,CHI,G,5on5,1,935.0,1.4,0.0,26.0,0.86,0.0,2.75,1.0,12.56,12.0,0.27,0.0,7.71,12.0,5.81,6.0,1.37,13.0,4.0,2.0,0.45,0.44,0.5,0.0,0.0,0.0,7.0,0.0,0.0
8479380,2022,Dylan Wells,CHI,G,4on5,1,145.0,0.08,1.0,2.0,0.05,0.0,0.16,0.0,0.74,1.0,0.02,0.0,0.43,0.0,0.26,0.0,0.08,1.0,0.0,0.0,0.08,0.0,0.0,1.0,0.0,0.0,1.0,0.0,0.0
8479380,2022,Dylan Wells,CHI,G,5on4,1,39.0,0.0,0.0,0.0,0.0,0.0,0.0,0.0,0.0,0.0,0.0,0.0,0.0,0.0,0.0,0.0,0.0,0.0,0.0,0.0,0.0,0.0,0.0,0.0,0.0,0.0,0.0,0.0,0.0
8478499,2022,Adin Hill,VGK,G,other,10,1004.0,1.13,1.0,26.0,0.72,0.0,1.91,5.0,10.48,11.0,0.15,1.0,6.7,5.0,4.16,4.0,1.13,10.0,4.0,1.0,0.42,0.49,0.23,1.0,0.0,0.0,11.0,0.0,0.0
8478499,2022,Adin Hill,VGK,G,all,10,36272.0,23.37,24.0,581.0,18.88,22.0,66.93,62.0,279.85,279.0,10.29,6.0,158.47,129.0,116.06,148.0,22.74,300.0,74.0,19.0,8.91,8.75,5.71,8.0,11.0,5.0,188.0,2.0,1.0
8478499,2022,Adin Hill,VGK,G,5on5,10,31276.0,18.81,19.0,493.0,15.45,19.0,58.06,52.0,237.59,235.0,8.89,4.0,133.61,105.0,100.23,131.0,18.48,264.0,57.0,13.0,7.92,6.86,4.03,7.0,10.0,2.0,159.0,2.0,1.0
8478499,2022,Adin Hill,VGK,G,4on5,10,1798.0,2.47,3.0,51.0,2.22,3.0,5.77,5.0,24.99,28.0,0.13,0.0,15.66,14.0,8.04,10.0,2.19,21.0,10.0,4.0,0.3,0.96,1.21,0.0,1.0,2.0,16.0,0.0,0.0
8478499,2022,Adin Hill,VGK,G,5on4,10,2194.0,0.35,0.0,7.0,0.23,0.0,0.7,0.0,3.33,3.0,1.1,1.0,1.33,3.0,2.25,2.0,0.34,4.0,1.0,0.0,0.2,0.14,0.0,0.0,0.0,0.0,2.0,0.0,0.0
8478435,2022,Dan Vladar,CGY,G,other,11,1412.0,2.01,2.0,33.0,1.26,0.0,3.2,5.0,16.68,17.0,0.41,0.0,10.34,9.0,5.65,7.0,1.97,12.0,9.0,2.0,0.35,1.08,0.58,1.0,1.0,0.0,10.0,0.0,0.0
8478435,2022,Dan Vladar,CGY,G,all,11,38422.0,27.51,30.0,571.0,22.32,20.0,74.55,83.0,318.37,317.0,11.5,6.0,175.58,122.0,126.91,162.0,26.68,328.0,84.0,25.0,9.78,10.08,7.65,19.0,6.0,5.0,134.0,2.0,1.0
8478435,2022,Dan Vladar,CGY,G,5on5,11,29508.0,18.51,19.0,424.0,14.98,16.0,57.84,59.0,234.97,234.0,9.01,5.0,127.8,89.0,96.41,123.0,17.97,252.0,55.0,16.0,7.62,6.64,4.26,14.0,3.0,2.0,101.0,2.0,1.0
8478435,2022,Dan Vladar,CGY,G,4on5,11,3980.0,6.34,8.0,101.0,5.73,4.0,12.72,17.0,59.34,57.0,0.34,0.0,35.11,22.0,19.17,27.0,6.1,58.0,16.0,7.0,1.6,1.92,2.82,4.0,1.0,3.0,20.0,0.0,0.0
8478435,2022,Dan Vladar,CGY,G,5on4,11,3522.0,0.65,1.0,13.0,0.34,0.0,0.79,2.0,7.37,9.0,1.75,1.0,2.34,2.0,5.68,5.0,0.64,6.0,4.0,0.0,0.2,0.44,0.0,0.0,1.0,0.0,3.0,0.0,0.0
8476434,2022,John Gibson,ANA,G,other,21,1425.0,4.09,2.0,45.0,1.87,3.0,5.01,6.0,27.7,28.0,0.69,1.0,13.03,14.0,11.16,10.0,3.88,18.0,15.0,3.0,0.77,2.0,1.32,0.0,0.0,2.0,9.0,2.0,1.0
8476434,2022,John Gibson,ANA,G,all,21,69455.0,70.57,77.0,1236.0,49.94,75.0,152.0,152.0,681.69,729.0,16.66,16.0,381.04,300.0,271.51,325.0,67.36,657.0,224.0,67.0,20.35,27.5,22.72,17.0,39.0,21.0,288.0,8.0,4.0
8476434,2022,John Gibson,ANA,G,5on5,21,57959.0,51.37,50.0,1001.0,38.39,62.0,126.87,127.0,546.78,592.0,13.24,13.0,307.48,237.0,223.44,275.0,48.84,551.0,167.0,48.0,17.25,20.57,13.54,16.0,26.0,8.0,235.0,6.0,3.0
8476434,2022,John Gibson,ANA,G,4on5,21,5734.0,13.82,22.0,172.0,8.97,9.0,18.21,16.0,94.38,97.0,0.3,1.0,55.89,47.0,28.86,33.0,13.35,80.0,33.0,16.0,2.08,3.88,7.86,1.0,10.0,11.0,43.0,0.0,0.0
8476434,2022,John Gibson,ANA,G,5on4,21,4337.0,0.93,2.0,13.0,0.5,1.0,1.22,2.0,9.01,9.0,2.39,1.0,2.83,2.0,6.23,5.0,0.93,5.0,7.0,0.0,0.12,0.81,0.0,0.0,2.0,0.0,1.0,0.0,0.0
8473503,2022,James Reimer,SJS,G,other,15,1273.0,4.16,2.0,51.0,2.13,3.0,5.33,3.0,28.09,29.0,0.71,0.0,15.51,15.0,9.91,13.0,3.59,22.0,12.0,4.0,1.04,1.42,1.7,0.0,1.0,1.0,13.0,0.0,0.0
8473503,2022,James Reimer,SJS,G,all,15,54061.0,44.8,46.0,921.0,35.12,41.0,112.59,135.0,489.12,466.0,14.37,14.0,274.03,193.0,198.86,251.0,42.22,504.0,136.0,42.0,15.48,16.41,12.92,25.0,10.0,11.0,239.0,0.0,0.0
8473503,2022,James Reimer,SJS,G,5on5,15,45142.0,33.73,41.0,742.0,25.94,32.0,92.14,112.0,386.5,376.0,11.84,13.0,215.53,148.0,159.46,195.0,32.25,405.0,103.0,32.0,12.17,12.3,9.26,24.0,9.0,8.0,202.0,0.0,0.0
8473503,2022,James Reimer,SJS,G,4on5,15,3898.0,5.72,2.0,110.0,6.45,6.0,13.5,16.0,61.69,49.0,0.12,0.0,39.08,29.0,20.15,32.0,5.19,63.0,20.0,4.0,1.79,2.51,1.42,1.0,0.0,1.0,23.0,0.0,0.0
8473503,2022,James Reimer,SJS,G,5on4,15,3748.0,1.19,1.0,18.0,0.6,0.0,1.62,4.0,12.84,12.0,1.7,1.0,3.91,1.0,9.35,11.0,1.19,14.0,1.0,2.0,0.48,0.17,0.55,0.0,0.0,1.0,1.0,0.0,0.0
8480420,2022,Collin Delia,VAN,G,other,1,0.0,0.0,0.0,0.0,0.0,0.0,0.0,0.0,0.0,0.0,0.0,0.0,0.0,0.0,0.0,0.0,0.0,0.0,0.0,0.0,0.0,0.0,0.0,0.0,0.0,0.0,0.0,0.0,0.0
8480420,2022,Collin Delia,VAN,G,all,1,2595.0,2.75,2.0,38.0,1.64,3.0,4.76,2.0,22.23,17.0,0.68,1.0,11.61,12.0,8.59,9.0,2.67,19.0,7.0,4.0,0.53,0.9,1.32,0.0,0.0,2.0,8.0,0.0,0.0
8480420,2022,Collin Delia,VAN,G,5on5,1,2462.0,2.73,2.0,37.0,1.58,3.0,4.64,2.0,21.48,17.0,0.66,1.0,11.07,12.0,8.35,8.0,2.65,18.0,7.0,4.0,0.51,0.9,1.32,0.0,0.0,2.0,8.0,0.0,0.0
8480420,2022,Collin Delia,VAN,G,4on5,1,120.0,0.02,0.0,1.0,0.06,0.0,0.12,0.0,0.76,0.0,0.0,0.0,0.54,0.0,0.24,1.0,0.02,1.0,0.0,0.0,0.02,0.0,0.0,0.0,0.0,0.0,0.0,0.0,0.0
8480420,2022,Collin Delia,VAN,G,5on4,1,13.0,0.0,0.0,0.0,0.0,0.0,0.0,0.0,0.0,0.0,0.0,0.0,0.0,0.0,0.0,0.0,0.0,0.0,0.0,0.0,0.0,0.0,0.0,0.0,0.0,0.0,0.0,0.0,0.0
8478406,2022,Mackenzie Blackwood,NJD,G,other,7,843.0,1.43,2.0,26.0,0.84,2.0,2.02,0.0,9.89,9.0,0.14,2.0,7.36,7.0,2.94,4.0,1.22,7.0,7.0,1.0,0.34,0.83,0.26,0.0,2.0,0.0,11.0,0.0,0.0
8478406,2022,Mackenzie Blackwood,NJD,G,all,7,21966.0,14.05,17.0,300.0,10.85,16.0,34.77,40.0,149.96,142.0,7.92,8.0,87.76,67.0,62.2,71.0,13.46,158.0,45.0,12.0,5.19,5.28,3.58,8.0,6.0,3.0,85.0,0.0,0.0
8478406,2022,Mackenzie Blackwood,NJD,G,5on5,7,17455.0,10.12,11.0,223.0,7.61,11.0,26.72,32.0,111.35,103.0,6.67,6.0,63.57,47.0,46.98,55.0,9.89,119.0,32.0,8.0,3.99,3.7,2.44,7.0,2.0,2.0,64.0,0.0,0.0
8478406,2022,Mackenzie Blackwood,NJD,G,4on5,7,1959.0,1.98,3.0,41.0,2.02,3.0,4.85,7.0,22.01,23.0,0.1,0.0,14.19,12.0,7.25,5.0,1.84,24.0,5.0,2.0,0.7,0.61,0.67,1.0,1.0,1.0,10.0,0.0,0.0
8478406,2022,Mackenzie Blackwood,NJD,G,5on4,7,1709.0,0.52,1.0,10.0,0.38,0.0,1.18,1.0,6.71,7.0,1.01,0.0,2.64,1.0,5.03,7.0,0.51,8.0,1.0,1.0,0.16,0.14,0.21,0.0,1.0,0.0,0.0,0.0,0.0
8480199,2022,Eetu Makiniemi,SJS,G,other,2,276.0,0.38,0.0,8.0,0.29,0.0,0.81,3.0,4.8,6.0,0.05,0.0,3.12,3.0,2.24,1.0,0.36,6.0,1.0,0.0,0.27,0.11,0.0,0.0,0.0,0.0,1.0,0.0,0.0
8480199,2022,Eetu Makiniemi,SJS,G,all,2,5060.0,3.43,3.0,66.0,1.99,1.0,6.79,6.0,32.68,32.0,1.54,3.0,18.51,17.0,14.23,18.0,3.33,37.0,5.0,4.0,1.37,0.53,1.52,2.0,0.0,1.0,20.0,0.0,0.0
8480199,2022,Eetu Makiniemi,SJS,G,5on5,2,3986.0,1.44,1.0,42.0,1.12,1.0,4.43,3.0,18.77,19.0,1.15,1.0,11.16,11.0,8.24,10.0,1.35,24.0,1.0,2.0,0.77,0.12,0.55,1.0,0.0,0.0,15.0,0.0,0.0
8480199,2022,Eetu Makiniemi,SJS,G,4on5,2,346.0,0.98,1.0,9.0,0.3,0.0,0.75,0.0,4.29,3.0,0.0,0.0,2.39,1.0,1.45,4.0,0.98,3.0,2.0,1.0,0.16,0.18,0.65,0.0,0.0,1.0,3.0,0.0,0.0
8480199,2022,Eetu Makiniemi,SJS,G,5on4,2,452.0,0.12,0.0,2.0,0.06,0.0,0.09,0.0,0.82,1.0,0.21,2.0,0.24,0.0,0.47,1.0,0.12,0.0,1.0,0.0,0.0,0.12,0.0,0.0,0.0,0.0,1.0,0.0,0.0
8477967,2022,Thatcher Demko,VAN,G,other,15,787.0,1.73,3.0,27.0,1.18,1.0,2.95,2.0,15.95,15.0,0.2,0.0,9.14,10.0,6.45,6.0,1.63,12.0,9.0,1.0,0.42,1.11,0.2,0.0,3.0,0.0,5.0,0.0,0.0
8477967,2022,Thatcher Demko,VAN,G,all,15,51277.0,44.81,56.0,828.0,32.63,39.0,106.5,97.0,462.73,478.0,12.71,13.0,252.41,211.0,189.15,218.0,42.99,456.0,137.0,48.0,13.76,16.84,14.22,15.0,27.0,14.0,187.0,4.0,2.0
8477967,2022,Thatcher Demko,VAN,G,5on5,15,42555.0,35.22,36.0,688.0,26.34,36.0,91.6,86.0,384.78,395.0,10.29,10.0,209.84,175.0,157.14,183.0,33.74,390.0,105.0,38.0,11.69,12.9,10.64,11.0,17.0,8.0,155.0,4.0,2.0
8477967,2022,Thatcher Demko,VAN,G,4on5,15,3514.0,6.52,14.0,92.0,4.47,2.0,9.95,9.0,48.42,52.0,0.15,0.0,29.51,23.0,15.87,17.0,6.29,44.0,16.0,8.0,1.46,1.92,3.15,4.0,5.0,5.0,24.0,0.0,0.0
8477967,2022,Thatcher Demko,VAN,G,5on4,15,4421.0,1.34,3.0,21.0,0.64,0.0,2.0,0.0,13.59,16.0,2.07,3.0,3.92,3.0,9.69,12.0,1.33,10.0,7.0,1.0,0.2,0.91,0.23,0.0,2.0,1.0,3.0,0.0,0.0
8467950,2022,Craig Anderson,BUF,G,other,11,588.0,3.06,1.0,18.0,0.74,1.0,1.82,2.0,11.11,11.0,0.2,0.0,5.82,5.0,3.14,6.0,2.45,5.0,6.0,4.0,0.23,0.69,2.15,0.0,0.0,1.0,3.0,0.0,0.0
8467950,2022,Craig Anderson,BUF,G,all,11,37611.0,33.72,31.0,595.0,23.56,33.0,78.27,76.0,335.14,354.0,10.58,9.0,187.44,135.0,130.78,180.0,32.1,328.0,107.0,30.0,10.14,12.92,10.65,11.0,12.0,8.0,130.0,0.0,0.0
8467950,2022,Craig Anderson,BUF,G,5on5,11,29609.0,21.64,23.0,432.0,16.35,24.0,59.14,63.0,243.96,265.0,8.47,7.0,135.53,94.0,98.19,126.0,21.02,241.0,84.0,14.0,7.38,10.41,3.85,10.0,11.0,2.0,93.0,0.0,0.0
8467950,2022,Craig Anderson,BUF,G,4on5,11,4306.0,8.39,7.0,134.0,6.0,8.0,16.12,10.0,72.3,70.0,0.63,0.0,43.27,36.0,23.8,38.0,8.0,73.0,16.0,11.0,2.26,1.71,4.42,1.0,1.0,5.0,34.0,0.0,0.0
8467950,2022,Craig Anderson,BUF,G,5on4,11,3108.0,0.63,0.0,11.0,0.46,0.0,1.2,1.0,7.77,8.0,1.27,2.0,2.82,0.0,5.65,10.0,0.63,9.0,1.0,1.0,0.27,0.12,0.24,0.0,0.0,0.0,0.0,0.0,0.0
8478039,2022,Kaapo Kahkonen,SJS,G,other,12,996.0,1.89,3.0,27.0,1.3,2.0,3.0,2.0,15.04,14.0,0.56,0.0,9.42,9.0,5.87,6.0,1.5,13.0,7.0,2.0,0.37,0.66,0.86,1.0,2.0,0.0,5.0,0.0,0.0
8478039,2022,Kaapo Kahkonen,SJS,G,all,12,41705.0,31.16,43.0,672.0,25.09,39.0,79.58,82.0,346.55,350.0,12.0,9.0,198.41,154.0,140.11,157.0,29.69,366.0,94.0,26.0,11.27,10.73,9.16,15.0,20.0,8.0,186.0,0.0,0.0
8478039,2022,Kaapo Kahkonen,SJS,G,5on5,12,33980.0,22.69,30.0,527.0,18.38,29.0,65.25,74.0,272.24,278.0,9.24,9.0,152.33,116.0,113.13,123.0,22.08,297.0,67.0,17.0,9.72,7.84,5.13,12.0,14.0,4.0,146.0,0.0,0.0
8478039,2022,Kaapo Kahkonen,SJS,G,4on5,12,3998.0,6.12,7.0,106.0,5.08,8.0,10.63,5.0,53.73,52.0,0.28,0.0,34.54,29.0,16.89,24.0,5.65,51.0,17.0,7.0,1.05,1.9,3.17,1.0,2.0,4.0,31.0,0.0,0.0
8478039,2022,Kaapo Kahkonen,SJS,G,5on4,12,2731.0,0.33,2.0,11.0,0.26,0.0,0.57,1.0,4.74,5.0,1.91,0.0,1.8,0.0,3.88,4.0,0.33,5.0,2.0,0.0,0.13,0.2,0.0,1.0,1.0,0.0,4.0,0.0,0.0
8478470,2022,Sam Montembeault,MTL,G,other,9,520.0,1.71,3.0,21.0,1.02,1.0,2.0,1.0,11.63,15.0,0.27,1.0,6.24,8.0,3.59,2.0,1.62,7.0,5.0,3.0,0.36,0.54,0.81,1.0,0.0,2.0,6.0,0.0,0.0
8478470,2022,Sam Montembeault,MTL,G,all,9,32697.0,29.23,27.0,540.0,21.26,38.0,68.07,55.0,291.08,294.0,8.59,10.0,158.34,144.0,112.3,130.0,27.13,278.0,86.0,35.0,8.98,10.79,9.46,9.0,10.0,8.0,141.0,0.0,0.0
8478470,2022,Sam Montembeault,MTL,G,5on5,9,27207.0,20.35,20.0,416.0,15.29,28.0,54.57,49.0,223.13,225.0,7.14,8.0,121.23,101.0,89.07,106.0,19.6,228.0,59.0,21.0,7.21,7.67,5.47,7.0,9.0,4.0,108.0,0.0,0.0
8478470,2022,Sam Montembeault,MTL,G,4on5,9,2494.0,5.72,4.0,89.0,4.39,7.0,10.19,3.0,47.15,44.0,0.31,0.0,27.99,35.0,14.13,14.0,4.5,38.0,17.0,9.0,1.19,1.94,2.59,1.0,1.0,2.0,25.0,0.0,0.0
8478470,2022,Sam Montembeault,MTL,G,5on4,9,2476.0,1.35,0.0,11.0,0.48,2.0,1.03,2.0,7.73,9.0,0.79,0.0,2.16,0.0,4.73,6.0,1.31,4.0,4.0,2.0,0.2,0.57,0.59,0.0,0.0,0.0,1.0,0.0,0.0
8476234,2022,Keith Kinkaid,BOS,G,other,1,120.0,0.0,0.0,0.0,0.0,0.0,0.0,0.0,0.0,0.0,0.05,0.0,0.0,0.0,0.0,0.0,0.0,0.0,0.0,0.0,0.0,0.0,0.0,0.0,0.0,0.0,0.0,0.0,0.0
8476234,2022,Keith Kinkaid,BOS,G,all,1,3594.0,3.2,1.0,55.0,2.29,3.0,7.07,9.0,31.56,31.0,0.98,0.0,17.47,13.0,11.95,17.0,2.73,32.0,7.0,4.0,1.01,0.87,1.33,0.0,0.0,1.0,12.0,0.0,0.0
8476234,2022,Keith Kinkaid,BOS,G,5on5,1,2817.0,2.46,0.0,46.0,1.85,3.0,6.01,7.0,26.27,26.0,0.73,0.0,14.84,12.0,10.0,14.0,1.99,28.0,5.0,3.0,0.83,0.6,1.03,0.0,0.0,0.0,10.0,0.0,0.0
8476234,2022,Keith Kinkaid,BOS,G,4on5,1,360.0,0.41,0.0,6.0,0.34,0.0,0.84,2.0,3.62,3.0,0.06,0.0,2.25,1.0,1.03,2.0,0.41,3.0,2.0,0.0,0.15,0.26,0.0,0.0,0.0,0.0,1.0,0.0,0.0
8476234,2022,Keith Kinkaid,BOS,G,5on4,1,297.0,0.33,1.0,3.0,0.1,0.0,0.21,0.0,1.68,2.0,0.15,0.0,0.38,0.0,0.92,1.0,0.33,1.0,0.0,1.0,0.03,0.0,0.3,0.0,0.0,1.0,1.0,0.0,0.0
8475683,2022,Sergei Bobrovsky,FLA,G,other,16,2044.0,5.08,5.0,53.0,2.33,3.0,6.02,10.0,31.14,36.0,0.53,1.0,15.6,13.0,10.87,9.0,4.61,19.0,15.0,7.0,0.71,1.86,2.52,2.0,1.0,2.0,12.0,0.0,0.0
8475683,2022,Sergei Bobrovsky,FLA,G,all,16,53330.0,48.83,53.0,810.0,33.14,47.0,105.74,106.0,459.43,456.0,18.07,18.0,247.92,185.0,178.91,217.0,45.89,439.0,133.0,58.0,12.13,16.89,19.81,15.0,20.0,18.0,180.0,0.0,0.0
8475683,2022,Sergei Bobrovsky,FLA,G,5on5,16,40467.0,29.8,34.0,581.0,22.87,35.0,78.79,77.0,327.92,318.0,13.35,13.0,178.5,128.0,130.15,160.0,28.74,324.0,94.0,33.0,9.13,11.87,8.79,10.0,15.0,9.0,130.0,0.0,0.0
8475683,2022,Sergei Bobrovsky,FLA,G,4on5,16,5009.0,11.99,12.0,147.0,6.99,7.0,18.08,19.0,82.14,85.0,0.71,1.0,47.83,40.0,25.28,32.0,10.6,76.0,21.0,16.0,1.58,2.65,7.76,3.0,3.0,6.0,34.0,0.0,0.0
8475683,2022,Sergei Bobrovsky,FLA,G,5on4,16,5810.0,1.96,2.0,29.0,0.95,2.0,2.84,0.0,18.23,17.0,3.47,3.0,5.99,4.0,12.62,16.0,1.93,20.0,3.0,2.0,0.7,0.52,0.74,0.0,1.0,1.0,4.0,0.0,0.0
8474889,2022,Martin Jones,SEA,G,other,20,1615.0,6.88,5.0,48.0,1.87,3.0,4.61,6.0,27.69,24.0,0.47,0.0,15.3,15.0,7.43,6.0,5.5,16.0,12.0,9.0,0.57,1.67,4.64,0.0,2.0,3.0,11.0,0.0,0.0
8474889,2022,Martin Jones,SEA,G,all,20,67934.0,53.88,55.0,995.0,38.01,39.0,119.05,103.0,529.36,499.0,18.29,24.0,293.53,240.0,210.77,276.0,50.78,528.0,151.0,54.0,16.17,18.93,18.77,15.0,20.0,20.0,262.0,0.0,0.0
8474889,2022,Martin Jones,SEA,G,5on5,20,55513.0,34.58,33.0,773.0,27.68,26.0,95.32,76.0,404.95,378.0,15.32,19.0,225.23,190.0,166.72,224.0,33.43,418.0,117.0,28.0,12.98,14.55,7.05,13.0,14.0,6.0,210.0,0.0,0.0
8474889,2022,Martin Jones,SEA,G,4on5,20,5403.0,10.89,14.0,149.0,7.53,10.0,16.99,20.0,79.77,81.0,0.26,0.0,47.35,33.0,24.35,30.0,10.33,76.0,19.0,15.0,1.99,2.29,6.6,1.0,4.0,9.0,39.0,0.0,0.0
8474889,2022,Martin Jones,SEA,G,5on4,20,5403.0,1.5,2.0,24.0,0.89,0.0,1.97,1.0,16.26,15.0,2.21,5.0,5.3,2.0,11.85,16.0,1.5,17.0,3.0,2.0,0.6,0.42,0.48,0.0,0.0,2.0,2.0,0.0,0.0
8478492,2022,Ilya Samsonov,TOR,G,other,10,718.0,0.77,0.0,23.0,0.76,1.0,2.0,1.0,9.17,7.0,0.19,0.0,6.15,6.0,2.97,5.0,0.76,9.0,3.0,1.0,0.25,0.3,0.22,0.0,0.0,0.0,10.0,0.0,0.0
8478492,2022,Ilya Samsonov,TOR,G,all,10,34582.0,26.05,18.0,532.0,19.39,28.0,67.66,63.0,282.0,267.0,10.35,9.0,153.01,124.0,110.44,134.0,25.05,290.0,61.0,35.0,7.88,7.65,10.52,7.0,2.0,9.0,146.0,0.0,0.0
8478492,2022,Ilya Samsonov,TOR,G,5on5,10,27666.0,19.34,12.0,413.0,14.35,21.0,53.66,53.0,217.83,208.0,7.99,9.0,115.88,90.0,87.4,106.0,18.63,224.0,49.0,25.0,6.42,6.18,6.75,6.0,1.0,5.0,115.0,0.0,0.0
8478492,2022,Ilya Samsonov,TOR,G,4on5,10,3120.0,4.94,6.0,82.0,3.76,6.0,10.73,8.0,46.35,44.0,0.41,0.0,28.47,26.0,14.57,15.0,4.7,49.0,8.0,7.0,0.94,1.02,2.98,1.0,1.0,4.0,18.0,0.0,0.0
8478492,2022,Ilya Samsonov,TOR,G,5on4,10,3078.0,1.0,0.0,14.0,0.51,0.0,1.26,1.0,8.65,8.0,1.75,0.0,2.5,2.0,5.49,8.0,0.96,8.0,1.0,2.0,0.27,0.15,0.58,0.0,0.0,0.0,3.0,0.0,0.0
8480382,2022,Alexandar Georgiev,COL,G,other,18,1869.0,4.81,6.0,57.0,2.57,3.0,6.07,3.0,30.85,32.0,0.96,0.0,18.53,17.0,9.8,12.0,4.06,23.0,14.0,6.0,0.81,1.94,2.05,3.0,3.0,0.0,14.0,0.0,0.0
8480382,2022,Alexandar Georgiev,COL,G,all,18,65304.0,52.0,48.0,1028.0,39.46,58.0,127.71,121.0,554.65,601.0,19.47,14.0,313.19,243.0,220.91,283.0,48.19,594.0,118.0,60.0,16.77,14.85,20.38,19.0,16.0,13.0,256.0,0.0,0.0
8480382,2022,Alexandar Georgiev,COL,G,5on5,18,52866.0,32.84,27.0,798.0,27.99,40.0,102.09,103.0,425.23,459.0,15.33,11.0,237.7,183.0,178.14,226.0,31.02,476.0,79.0,38.0,13.13,9.6,10.12,13.0,8.0,6.0,205.0,0.0,0.0
8480382,2022,Alexandar Georgiev,COL,G,4on5,18,4947.0,13.88,15.0,160.0,8.4,15.0,18.19,14.0,89.26,99.0,0.32,0.0,53.48,42.0,26.08,34.0,12.66,82.0,25.0,16.0,2.37,3.31,8.21,3.0,5.0,7.0,37.0,0.0,0.0
8480382,2022,Alexandar Georgiev,COL,G,5on4,18,5622.0,0.41,0.0,11.0,0.43,0.0,1.02,0.0,7.86,10.0,2.74,3.0,2.84,1.0,6.05,10.0,0.39,11.0,0.0,0.0,0.41,0.0,0.0,0.0,0.0,0.0,0.0,0.0,0.0
8471774,2022,Alex Stalock,CHI,G,other,7,749.0,0.9,1.0,22.0,0.89,1.0,2.01,2.0,11.17,10.0,0.24,0.0,7.46,7.0,3.39,3.0,0.86,13.0,1.0,1.0,0.52,0.08,0.31,0.0,0.0,1.0,7.0,0.0,0.0
8471774,2022,Alex Stalock,CHI,G,all,7,19692.0,16.93,16.0,350.0,13.68,15.0,45.24,30.0,197.19,187.0,4.78,6.0,106.51,100.0,78.38,100.0,16.43,212.0,35.0,20.0,5.66,4.53,6.73,5.0,5.0,6.0,83.0,2.0,1.0
8471774,2022,Alex Stalock,CHI,G,5on5,7,15302.0,11.45,13.0,252.0,9.25,12.0,34.88,22.0,142.47,136.0,3.45,5.0,76.16,74.0,57.64,70.0,11.23,151.0,30.0,13.0,4.17,3.93,3.34,5.0,5.0,3.0,58.0,2.0,1.0
8471774,2022,Alex Stalock,CHI,G,4on5,7,2360.0,3.55,2.0,58.0,2.96,2.0,6.67,5.0,32.69,30.0,0.22,0.0,19.21,16.0,10.64,18.0,3.33,38.0,1.0,5.0,0.62,0.08,2.85,0.0,0.0,2.0,14.0,0.0,0.0
8471774,2022,Alex Stalock,CHI,G,5on4,7,1281.0,0.78,0.0,9.0,0.36,0.0,0.97,0.0,7.24,8.0,0.83,1.0,1.97,2.0,4.71,7.0,0.77,6.0,2.0,1.0,0.22,0.33,0.23,0.0,0.0,0.0,0.0,0.0,0.0
8480045,2022,Ukko-Pekka Luukkonen,BUF,G,other,7,583.0,1.64,3.0,12.0,0.35,0.0,1.07,1.0,6.02,5.0,0.51,0.0,3.12,3.0,1.59,1.0,1.62,5.0,1.0,2.0,0.12,0.1,1.42,1.0,0.0,2.0,4.0,0.0,0.0
8480045,2022,Ukko-Pekka Luukkonen,BUF,G,all,7,25203.0,25.46,28.0,349.0,14.81,25.0,45.67,47.0,206.36,202.0,7.59,11.0,111.8,80.0,79.24,97.0,24.46,189.0,64.0,31.0,5.67,7.85,11.93,6.0,9.0,13.0,65.0,0.0,0.0
8480045,2022,Ukko-Pekka Luukkonen,BUF,G,5on5,7,20483.0,15.97,15.0,273.0,11.15,20.0,37.2,39.0,159.0,157.0,5.55,9.0,86.49,52.0,64.63,88.0,15.49,149.0,55.0,17.0,4.79,6.69,4.49,5.0,8.0,2.0,52.0,0.0,0.0
8480045,2022,Ukko-Pekka Luukkonen,BUF,G,4on5,7,1586.0,7.0,9.0,58.0,3.01,5.0,6.84,6.0,36.26,35.0,0.04,0.0,20.81,25.0,10.24,4.0,6.51,33.0,5.0,11.0,0.72,0.6,5.68,0.0,0.0,9.0,9.0,0.0,0.0
8480045,2022,Ukko-Pekka Luukkonen,BUF,G,5on4,7,2551.0,0.84,1.0,6.0,0.3,0.0,0.56,1.0,5.08,5.0,1.5,2.0,1.38,0.0,2.78,4.0,0.84,2.0,3.0,1.0,0.04,0.46,0.35,0.0,1.0,0.0,0.0,0.0,0.0
8475883,2022,Frederik Andersen,CAR,G,other,8,624.0,0.64,1.0,14.0,0.54,0.0,1.64,1.0,7.82,8.0,0.47,1.0,4.5,2.0,3.41,6.0,0.63,8.0,3.0,0.0,0.35,0.28,0.0,0.0,1.0,0.0,3.0,0.0,0.0
8475883,2022,Frederik Andersen,CAR,G,all,8,29149.0,18.44,22.0,346.0,13.33,23.0,43.9,38.0,193.89,201.0,11.71,11.0,105.99,73.0,79.91,106.0,17.73,197.0,52.0,19.0,6.28,6.61,5.56,8.0,11.0,3.0,78.0,0.0,0.0
8475883,2022,Frederik Andersen,CAR,G,5on5,8,23578.0,14.37,14.0,290.0,10.79,21.0,37.68,36.0,160.09,166.0,8.8,6.0,86.7,60.0,66.13,86.0,13.74,170.0,36.0,15.0,5.34,4.61,4.42,8.0,5.0,1.0,69.0,0.0,0.0
8475883,2022,Frederik Andersen,CAR,G,4on5,8,2210.0,2.75,6.0,35.0,1.76,1.0,3.79,0.0,20.2,20.0,0.3,0.0,13.2,10.0,6.84,11.0,2.7,15.0,11.0,3.0,0.44,1.39,0.93,0.0,4.0,2.0,6.0,0.0,0.0
8475883,2022,Frederik Andersen,CAR,G,5on4,8,2737.0,0.68,1.0,7.0,0.24,1.0,0.79,1.0,5.78,7.0,2.14,4.0,1.59,1.0,3.54,3.0,0.66,4.0,2.0,1.0,0.15,0.32,0.21,0.0,1.0,0.0,0.0,0.0,0.0
8478971,2022,Connor Ingram,ARI,G,other,8,631.0,1.98,1.0,27.0,1.31,2.0,3.7,4.0,16.89,20.0,0.17,0.0,10.52,11.0,5.94,5.0,1.83,17.0,5.0,2.0,0.68,0.64,0.67,0.0,0.0,1.0,3.0,0.0,0.0
8478971,2022,Connor Ingram,ARI,G,all,8,25991.0,25.22,33.0,424.0,17.08,14.0,52.13,42.0,235.62,246.0,5.56,1.0,129.98,110.0,91.15,111.0,24.27,220.0,79.0,24.0,7.56,10.12,7.54,11.0,15.0,7.0,101.0,0.0,0.0
8478971,2022,Connor Ingram,ARI,G,5on5,8,20211.0,15.95,25.0,303.0,11.15,10.0,38.29,31.0,165.79,170.0,4.41,1.0,89.59,73.0,65.81,78.0,15.53,160.0,50.0,16.0,5.38,6.25,4.31,9.0,12.0,4.0,77.0,0.0,0.0
8478971,2022,Connor Ingram,ARI,G,4on5,8,3006.0,6.34,7.0,82.0,4.09,2.0,8.96,5.0,44.92,47.0,0.23,0.0,27.13,25.0,14.05,20.0,5.97,37.0,20.0,5.0,1.23,2.77,2.34,2.0,3.0,2.0,20.0,0.0,0.0
8478971,2022,Connor Ingram,ARI,G,5on4,8,2143.0,0.95,0.0,12.0,0.53,0.0,1.18,2.0,8.03,9.0,0.75,0.0,2.74,1.0,5.35,8.0,0.94,6.0,4.0,1.0,0.27,0.47,0.21,0.0,0.0,0.0,1.0,0.0,0.0
8478433,2022,Felix Sandstrom,PHI,G,other,8,363.0,0.35,1.0,9.0,0.31,0.0,1.23,0.0,5.61,5.0,0.13,0.0,3.26,4.0,2.67,2.0,0.35,8.0,0.0,0.0,0.35,0.0,0.0,1.0,0.0,0.0,1.0,0.0,0.0
8478433,2022,Felix Sandstrom,PHI,G,all,8,26503.0,22.66,25.0,444.0,17.27,22.0,56.23,49.0,240.56,226.0,7.09,7.0,131.72,112.0,94.37,111.0,21.9,236.0,71.0,23.0,7.07,8.52,7.08,10.0,8.0,7.0,114.0,0.0,0.0
8478433,2022,Felix Sandstrom,PHI,G,5on5,8,21391.0,14.5,16.0,343.0,11.67,11.0,42.55,38.0,175.65,162.0,5.74,5.0,98.34,89.0,71.31,80.0,14.21,180.0,52.0,12.0,5.26,6.22,3.03,8.0,6.0,2.0,99.0,0.0,0.0
8478433,2022,Felix Sandstrom,PHI,G,4on5,8,2152.0,6.38,7.0,77.0,4.73,10.0,10.97,9.0,49.09,47.0,0.17,0.0,27.22,17.0,14.08,22.0,5.93,42.0,15.0,8.0,1.24,1.84,3.29,1.0,2.0,4.0,12.0,0.0,0.0
8478433,2022,Felix Sandstrom,PHI,G,5on4,8,2597.0,1.44,1.0,15.0,0.56,1.0,1.48,2.0,10.22,12.0,1.04,2.0,2.89,2.0,6.31,7.0,1.42,6.0,4.0,3.0,0.22,0.46,0.76,0.0,0.0,1.0,2.0,0.0,0.0
8476999,2022,Linus Ullmark,BOS,G,other,19,2230.0,6.71,3.0,85.0,4.17,8.0,9.44,7.0,48.5,46.0,0.91,0.0,29.15,28.0,14.81,17.0,6.06,38.0,20.0,8.0,1.42,2.52,2.78,0.0,1.0,2.0,19.0,0.0,0.0
8476999,2022,Linus Ullmark,BOS,G,all,19,64905.0,46.51,32.0,966.0,38.07,49.0,121.65,135.0,535.28,539.0,17.93,24.0,296.72,234.0,213.49,262.0,44.74,548.0,139.0,47.0,13.74,17.04,15.73,7.0,11.0,14.0,232.0,2.0,1.0
8476999,2022,Linus Ullmark,BOS,G,5on5,19,49483.0,29.07,19.0,712.0,25.07,30.0,92.06,114.0,386.53,398.0,13.23,18.0,211.35,163.0,161.77,190.0,28.27,406.0,101.0,25.0,9.98,12.37,6.72,6.0,9.0,4.0,180.0,2.0,1.0
8476999,2022,Linus Ullmark,BOS,G,4on5,19,7171.0,9.22,9.0,148.0,8.01,11.0,17.96,13.0,85.22,76.0,0.55,0.0,51.31,41.0,26.82,39.0,8.96,91.0,14.0,11.0,2.07,1.7,5.46,1.0,1.0,7.0,32.0,0.0,0.0
8476999,2022,Linus Ullmark,BOS,G,5on4,19,6021.0,1.51,1.0,21.0,0.82,0.0,2.18,1.0,15.03,19.0,3.23,6.0,4.92,2.0,10.09,16.0,1.44,13.0,4.0,3.0,0.27,0.46,0.77,0.0,0.0,1.0,1.0,0.0,0.0
8478902,2022,Erik Kallgren,TOR,G,other,10,747.0,2.33,3.0,21.0,1.05,2.0,2.14,1.0,12.36,11.0,0.26,2.0,6.48,4.0,3.6,6.0,2.05,4.0,9.0,3.0,0.17,1.21,0.95,0.0,2.0,1.0,5.0,0.0,0.0
8478902,2022,Erik Kallgren,TOR,G,all,10,33700.0,24.43,25.0,473.0,18.42,29.0,58.99,58.0,260.14,246.0,10.01,9.0,146.28,105.0,107.19,134.0,23.49,248.0,97.0,19.0,6.85,11.85,5.74,5.0,13.0,7.0,109.0,0.0,0.0
8478902,2022,Erik Kallgren,TOR,G,5on5,10,27978.0,18.41,14.0,385.0,14.65,25.0,50.84,54.0,215.95,204.0,7.87,7.0,119.66,86.0,90.34,110.0,17.82,214.0,74.0,13.0,6.06,9.01,3.33,3.0,8.0,3.0,84.0,0.0,0.0
8478902,2022,Erik Kallgren,TOR,G,4on5,10,2280.0,3.08,5.0,57.0,2.4,2.0,5.03,2.0,25.73,24.0,0.18,0.0,17.62,14.0,8.95,14.0,3.01,24.0,11.0,3.0,0.39,1.23,1.46,1.0,1.0,3.0,19.0,0.0,0.0
8478902,2022,Erik Kallgren,TOR,G,5on4,10,2695.0,0.39,1.0,6.0,0.21,0.0,0.54,0.0,3.99,4.0,1.68,0.0,1.5,1.0,3.19,4.0,0.38,4.0,2.0,0.0,0.1,0.28,0.0,0.0,1.0,0.0,0.0,0.0,0.0
8475311,2022,Darcy Kuemper,WSH,G,other,20,1684.0,2.74,1.0,51.0,1.64,2.0,4.51,3.0,20.88,22.0,0.46,2.0,13.21,17.0,6.14,6.0,2.57,22.0,4.0,4.0,0.79,0.49,1.46,0.0,0.0,1.0,21.0,0.0,0.0
8475311,2022,Darcy Kuemper,WSH,G,all,20,67568.0,51.9,48.0,1114.0,39.34,48.0,137.96,111.0,580.76,570.0,18.89,19.0,323.89,283.0,234.56,302.0,49.98,608.0,151.0,49.0,17.18,18.83,15.88,11.0,17.0,20.0,306.0,4.0,2.0
8475311,2022,Darcy Kuemper,WSH,G,5on5,20,53901.0,38.06,34.0,866.0,28.71,33.0,112.54,94.0,455.72,445.0,14.6,16.0,252.02,213.0,187.43,247.0,36.88,484.0,117.0,33.0,13.94,14.45,9.67,10.0,12.0,12.0,232.0,4.0,2.0
8475311,2022,Darcy Kuemper,WSH,G,4on5,20,5574.0,9.76,10.0,172.0,8.12,13.0,18.74,12.0,86.7,82.0,0.4,0.0,52.93,48.0,28.56,36.0,9.2,86.0,23.0,12.0,2.14,2.87,4.75,1.0,2.0,7.0,51.0,0.0,0.0
8475311,2022,Darcy Kuemper,WSH,G,5on4,20,6409.0,1.21,2.0,24.0,0.8,0.0,2.03,2.0,16.6,20.0,3.44,1.0,5.41,5.0,12.13,13.0,1.21,16.0,6.0,0.0,0.31,0.9,0.0,0.0,2.0,0.0,2.0,0.0,0.0
8470594,2022,Marc-Andre Fleury,MIN,G,other,19,1528.0,4.38,5.0,46.0,2.3,3.0,5.21,4.0,26.8,29.0,0.85,0.0,14.71,13.0,7.42,10.0,3.96,15.0,14.0,6.0,0.59,2.04,1.75,0.0,3.0,2.0,11.0,0.0,0.0
8470594,2022,Marc-Andre Fleury,MIN,G,all,19,66186.0,53.11,56.0,995.0,36.63,41.0,120.56,94.0,527.11,532.0,17.64,13.0,292.1,219.0,206.07,286.0,50.79,515.0,155.0,56.0,14.44,19.24,19.44,15.0,24.0,17.0,269.0,0.0,0.0
8470594,2022,Marc-Andre Fleury,MIN,G,5on5,19,52424.0,34.0,40.0,766.0,25.98,28.0,96.66,74.0,402.59,403.0,12.93,10.0,222.12,165.0,164.85,225.0,32.78,416.0,109.0,32.0,11.68,13.19,9.13,15.0,16.0,9.0,209.0,0.0,0.0
8470594,2022,Marc-Andre Fleury,MIN,G,4on5,19,6506.0,13.06,11.0,167.0,7.73,10.0,17.37,15.0,87.7,90.0,0.58,1.0,52.4,39.0,27.57,42.0,12.4,78.0,28.0,15.0,1.94,3.49,7.63,0.0,5.0,6.0,46.0,0.0,0.0
8470594,2022,Marc-Andre Fleury,MIN,G,5on4,19,5728.0,1.67,0.0,15.0,0.63,0.0,1.32,1.0,10.02,10.0,3.19,1.0,2.88,2.0,6.23,9.0,1.65,6.0,4.0,3.0,0.22,0.51,0.94,0.0,0.0,0.0,2.0,0.0,0.0
8477180,2022,Aaron Dell,SJS,G,other,2,53.0,0.0,0.0,0.0,0.0,0.0,0.0,0.0,0.0,0.0,0.0,0.0,0.0,0.0,0.0,0.0,0.0,0.0,0.0,0.0,0.0,0.0,0.0,0.0,0.0,0.0,0.0,0.0,0.0
8477180,2022,Aaron Dell,SJS,G,all,2,7014.0,7.7,7.0,121.0,4.7,9.0,14.45,14.0,63.3,68.0,1.52,1.0,31.82,19.0,22.25,33.0,7.04,47.0,25.0,11.0,1.64,3.01,3.04,2.0,3.0,2.0,38.0,0.0,0.0
8477180,2022,Aaron Dell,SJS,G,5on5,2,6137.0,5.72,5.0,96.0,3.56,7.0,12.19,12.0,50.76,56.0,1.42,1.0,25.28,15.0,18.56,27.0,5.3,43.0,15.0,9.0,1.5,1.71,2.51,2.0,1.0,2.0,29.0,0.0,0.0
8477180,2022,Aaron Dell,SJS,G,4on5,2,735.0,1.87,2.0,24.0,1.11,2.0,2.13,2.0,11.73,12.0,0.04,0.0,6.36,4.0,3.17,5.0,1.63,4.0,9.0,2.0,0.14,1.19,0.53,0.0,2.0,0.0,9.0,0.0,0.0
8477180,2022,Aaron Dell,SJS,G,5on4,2,89.0,0.11,0.0,1.0,0.03,0.0,0.13,0.0,0.81,0.0,0.07,0.0,0.19,0.0,0.52,1.0,0.11,0.0,1.0,0.0,0.0,0.11,0.0,0.0,0.0,0.0,0.0,0.0,0.0
8471306,2022,Thomas Greiss,STL,G,other,9,556.0,1.5,3.0,15.0,1.15,1.0,2.16,2.0,11.23,12.0,0.3,0.0,5.44,5.0,3.39,3.0,1.47,10.0,2.0,2.0,0.32,0.34,0.85,1.0,0.0,2.0,1.0,0.0,0.0
8471306,2022,Thomas Greiss,STL,G,all,9,29302.0,27.32,30.0,499.0,20.04,26.0,67.1,63.0,286.29,296.0,7.68,13.0,153.53,120.0,116.61,148.0,26.37,281.0,86.0,27.0,8.76,10.49,8.07,12.0,8.0,10.0,105.0,0.0,0.0
8471306,2022,Thomas Greiss,STL,G,5on5,9,24367.0,21.48,21.0,420.0,15.84,22.0,57.22,53.0,236.07,246.0,5.94,11.0,126.67,98.0,96.04,125.0,20.68,231.0,73.0,21.0,7.0,8.93,5.55,8.0,8.0,5.0,95.0,0.0,0.0
8471306,2022,Thomas Greiss,STL,G,4on5,9,1861.0,3.37,4.0,51.0,2.6,3.0,6.45,8.0,29.51,27.0,0.15,1.0,18.45,16.0,10.13,10.0,3.26,32.0,7.0,3.0,1.17,0.77,1.44,1.0,0.0,3.0,9.0,0.0,0.0
8471306,2022,Thomas Greiss,STL,G,5on4,9,2518.0,0.96,2.0,13.0,0.44,0.0,1.27,0.0,9.49,11.0,1.29,1.0,2.98,1.0,7.05,10.0,0.96,8.0,4.0,1.0,0.27,0.46,0.23,2.0,0.0,0.0,0.0,0.0,0.0
8477480,2022,Eric Comrie,BUF,G,other,11,1481.0,1.93,2.0,34.0,1.44,2.0,3.54,5.0,17.68,19.0,0.41,1.0,10.85,10.0,5.66,5.0,1.7,16.0,7.0,1.0,0.67,0.89,0.37,0.0,2.0,0.0,10.0,0.0,0.0
8477480,2022,Eric Comrie,BUF,G,all,11,37754.0,34.45,38.0,557.0,23.11,35.0,72.27,82.0,325.97,336.0,11.02,13.0,174.68,129.0,129.92,153.0,32.78,320.0,91.0,34.0,10.33,11.28,12.85,13.0,13.0,12.0,112.0,0.0,0.0
8477480,2022,Eric Comrie,BUF,G,5on5,11,29775.0,23.13,26.0,428.0,16.89,27.0,58.28,71.0,249.97,259.0,8.47,9.0,134.63,95.0,100.89,116.0,21.86,254.0,67.0,21.0,8.51,8.23,6.39,11.0,9.0,6.0,86.0,0.0,0.0
8477480,2022,Eric Comrie,BUF,G,4on5,11,2538.0,7.61,9.0,73.0,3.93,6.0,8.38,5.0,43.29,43.0,0.39,0.0,24.59,19.0,13.15,19.0,7.43,37.0,13.0,9.0,0.76,1.56,5.29,2.0,1.0,6.0,14.0,0.0,0.0
8477480,2022,Eric Comrie,BUF,G,5on4,11,3960.0,1.79,1.0,22.0,0.86,0.0,2.08,1.0,15.02,15.0,1.76,3.0,4.62,5.0,10.22,13.0,1.79,13.0,4.0,3.0,0.38,0.6,0.81,0.0,1.0,0.0,2.0,0.0,0.0
8478916,2022,Joey Daccord,SEA,G,other,1,173.0,0.02,0.0,1.0,0.04,0.0,0.17,1.0,0.74,1.0,0.07,0.0,0.56,0.0,0.19,0.0,0.02,1.0,0.0,0.0,0.02,0.0,0.0,0.0,0.0,0.0,0.0,0.0,0.0
8478916,2022,Joey Daccord,SEA,G,all,1,3600.0,2.84,4.0,69.0,2.27,3.0,7.96,13.0,35.34,40.0,0.68,1.0,20.03,16.0,15.72,13.0,2.8,40.0,7.0,3.0,1.3,0.84,0.7,2.0,1.0,1.0,19.0,0.0,0.0
8478916,2022,Joey Daccord,SEA,G,5on5,1,2783.0,2.08,4.0,55.0,1.88,2.0,6.63,12.0,28.73,32.0,0.5,1.0,16.57,13.0,12.9,9.0,2.04,33.0,7.0,1.0,1.03,0.84,0.2,2.0,1.0,1.0,14.0,0.0,0.0
8478916,2022,Joey Daccord,SEA,G,4on5,1,358.0,0.69,0.0,11.0,0.33,1.0,1.0,0.0,4.29,6.0,0.04,0.0,2.52,3.0,1.32,2.0,0.68,4.0,0.0,2.0,0.2,0.0,0.49,0.0,0.0,0.0,5.0,0.0,0.0
8478916,2022,Joey Daccord,SEA,G,5on4,1,286.0,0.06,0.0,2.0,0.03,0.0,0.16,0.0,1.57,1.0,0.06,0.0,0.39,0.0,1.31,2.0,0.06,2.0,0.0,0.0,0.06,0.0,0.0,0.0,0.0,0.0,0.0,0.0,0.0
8480193,2022,Daniil Tarasov,CBJ,G,other,7,370.0,0.78,1.0,16.0,0.62,1.0,1.48,0.0,7.4,4.0,0.18,0.0,4.31,4.0,2.56,4.0,0.74,6.0,4.0,0.0,0.27,0.51,0.0,0.0,1.0,0.0,6.0,0.0,0.0
8480193,2022,Daniil Tarasov,CBJ,G,all,7,21607.0,18.5,19.0,432.0,15.96,16.0,55.7,55.0,231.95,217.0,5.31,11.0,132.0,113.0,92.37,113.0,17.91,251.0,60.0,11.0,7.19,7.42,3.9,6.0,9.0,4.0,110.0,0.0,0.0
8480193,2022,Daniil Tarasov,CBJ,G,5on5,7,18221.0,14.01,15.0,358.0,12.62,13.0,47.44,47.0,191.21,184.0,4.43,10.0,108.95,96.0,77.86,91.0,13.54,209.0,51.0,7.0,5.91,6.28,1.81,6.0,8.0,1.0,91.0,0.0,0.0
8480193,2022,Daniil Tarasov,CBJ,G,4on5,7,1703.0,2.93,3.0,49.0,2.44,2.0,6.23,8.0,28.66,27.0,0.27,1.0,17.48,10.0,8.99,15.0,2.89,33.0,3.0,3.0,0.94,0.31,1.68,0.0,0.0,3.0,10.0,0.0,0.0
8480193,2022,Daniil Tarasov,CBJ,G,5on4,7,1313.0,0.8,0.0,9.0,0.28,0.0,0.55,0.0,4.67,2.0,0.43,0.0,1.27,3.0,2.97,3.0,0.74,3.0,2.0,1.0,0.06,0.32,0.41,0.0,0.0,0.0,3.0,0.0,0.0
8477424,2022,Juuse Saros,NSH,G,other,20,1947.0,4.51,4.0,59.0,2.09,2.0,5.79,4.0,31.27,28.0,0.95,1.0,15.07,16.0,12.41,15.0,4.39,16.0,22.0,3.0,0.76,2.69,1.06,0.0,3.0,1.0,18.0,0.0,0.0
8477424,2022,Juuse Saros,NSH,G,all,20,69945.0,60.43,57.0,1140.0,44.51,61.0,134.8,127.0,610.58,617.0,19.98,24.0,337.28,273.0,241.8,306.0,58.33,579.0,213.0,48.0,17.31,26.13,16.98,14.0,28.0,15.0,300.0,0.0,0.0
8477424,2022,Juuse Saros,NSH,G,5on5,20,54166.0,42.0,36.0,849.0,31.04,43.0,104.32,97.0,451.25,456.0,15.18,19.0,246.92,194.0,180.6,237.0,40.51,426.0,164.0,30.0,13.49,20.15,8.36,12.0,19.0,5.0,229.0,0.0,0.0
8477424,2022,Juuse Saros,NSH,G,4on5,20,6808.0,11.79,14.0,204.0,10.4,16.0,22.34,26.0,108.68,110.0,0.61,0.0,69.56,58.0,35.51,37.0,11.3,122.0,19.0,13.0,2.5,2.27,7.02,1.0,5.0,8.0,50.0,0.0,0.0
8477424,2022,Juuse Saros,NSH,G,5on4,20,7024.0,2.03,3.0,26.0,0.93,0.0,2.24,0.0,18.56,22.0,3.1,3.0,5.43,5.0,12.88,16.0,2.03,15.0,7.0,2.0,0.57,0.92,0.54,1.0,1.0,1.0,2.0,0.0,0.0
8479394,2022,Carter Hart,PHI,G,other,22,2487.0,6.56,8.0,90.0,3.43,5.0,9.94,9.0,49.23,45.0,0.49,1.0,28.85,25.0,16.48,17.0,5.96,41.0,19.0,7.0,1.48,2.36,2.72,3.0,3.0,2.0,23.0,0.0,0.0
8479394,2022,Carter Hart,PHI,G,all,22,78537.0,73.24,62.0,1407.0,52.38,76.0,168.86,167.0,727.94,684.0,20.41,23.0,392.52,327.0,279.87,334.0,69.59,707.0,199.0,85.0,20.12,25.33,27.78,17.0,23.0,22.0,416.0,0.0,0.0
8479394,2022,Carter Hart,PHI,G,5on5,22,63236.0,51.43,39.0,1071.0,37.31,55.0,131.52,139.0,549.67,526.0,16.56,17.0,292.99,232.0,219.84,271.0,49.08,537.0,157.0,57.0,15.47,20.03,15.94,13.0,15.0,11.0,320.0,0.0,0.0
8479394,2022,Carter Hart,PHI,G,4on5,22,6941.0,13.33,13.0,218.0,10.74,14.0,24.66,19.0,112.32,95.0,0.84,1.0,64.95,68.0,33.48,31.0,12.64,113.0,19.0,19.0,2.58,2.26,8.49,1.0,3.0,9.0,67.0,0.0,0.0
8479394,2022,Carter Hart,PHI,G,5on4,22,5873.0,1.12,0.0,21.0,0.53,1.0,1.65,0.0,11.03,11.0,2.4,4.0,3.55,1.0,7.78,13.0,1.12,12.0,1.0,2.0,0.33,0.16,0.63,0.0,0.0,0.0,6.0,0.0,0.0
8479292,2022,Charlie Lindgren,WSH,G,other,12,1194.0,1.66,3.0,33.0,1.23,0.0,3.27,2.0,18.16,20.0,0.47,1.0,9.34,8.0,7.98,11.0,1.63,18.0,5.0,1.0,0.74,0.66,0.26,0.0,2.0,1.0,9.0,0.0,0.0
8479292,2022,Charlie Lindgren,WSH,G,all,12,40009.0,31.6,31.0,622.0,23.05,22.0,76.3,83.0,337.54,344.0,12.09,16.0,186.95,145.0,138.0,173.0,30.3,328.0,112.0,27.0,10.24,13.42,7.95,11.0,12.0,8.0,155.0,0.0,0.0
8479292,2022,Charlie Lindgren,WSH,G,5on5,12,32459.0,22.1,22.0,496.0,17.42,17.0,63.03,73.0,264.83,272.0,9.07,10.0,147.72,108.0,107.96,137.0,21.52,272.0,79.0,16.0,8.22,9.4,4.48,9.0,10.0,3.0,129.0,0.0,0.0
8479292,2022,Charlie Lindgren,WSH,G,4on5,12,2577.0,5.91,5.0,74.0,3.63,5.0,8.24,6.0,40.61,40.0,0.39,0.0,25.74,23.0,13.05,16.0,5.23,27.0,25.0,6.0,0.9,2.94,2.08,2.0,0.0,3.0,16.0,0.0,0.0
8479292,2022,Charlie Lindgren,WSH,G,5on4,12,3779.0,1.93,1.0,19.0,0.77,0.0,1.76,2.0,13.94,12.0,2.16,5.0,4.15,6.0,9.01,9.0,1.93,11.0,3.0,4.0,0.38,0.42,1.12,0.0,0.0,1.0,1.0,0.0,0.0
8477968,2022,Alex Nedeljkovic,DET,G,other,9,841.0,1.33,1.0,22.0,0.77,0.0,2.74,4.0,12.59,13.0,0.25,0.0,6.32,4.0,5.43,8.0,1.15,9.0,7.0,1.0,0.36,0.75,0.21,0.0,1.0,0.0,5.0,0.0,0.0
8477968,2022,Alex Nedeljkovic,DET,G,all,9,30817.0,23.93,35.0,523.0,19.06,25.0,66.51,75.0,282.33,292.0,7.56,2.0,156.92,135.0,116.12,115.0,22.78,304.0,70.0,18.0,9.47,8.24,6.23,19.0,10.0,6.0,131.0,2.0,1.0
8477968,2022,Alex Nedeljkovic,DET,G,5on5,9,25122.0,18.65,24.0,430.0,15.21,24.0,55.8,63.0,229.28,236.0,5.45,2.0,127.98,109.0,93.56,92.0,17.79,250.0,55.0,14.0,7.47,6.52,4.65,12.0,8.0,4.0,111.0,2.0,1.0
8477968,2022,Alex Nedeljkovic,DET,G,4on5,9,1657.0,3.15,7.0,56.0,2.62,1.0,6.42,6.0,30.48,30.0,0.12,0.0,19.54,21.0,10.3,8.0,3.04,34.0,7.0,2.0,1.22,0.86,1.07,4.0,1.0,2.0,13.0,0.0,0.0
8477968,2022,Alex Nedeljkovic,DET,G,5on4,9,3197.0,0.81,3.0,15.0,0.46,0.0,1.55,2.0,9.98,13.0,1.68,0.0,3.08,1.0,6.83,7.0,0.8,11.0,1.0,1.0,0.41,0.1,0.3,3.0,0.0,0.0,2.0,0.0,0.0
8481519,2022,Spencer Knight,FLA,G,other,15,2087.0,5.62,6.0,50.0,1.92,4.0,4.84,6.0,26.08,29.0,0.51,1.0,13.92,9.0,6.82,9.0,5.52,14.0,11.0,9.0,0.55,1.44,3.63,0.0,3.0,3.0,16.0,0.0,0.0
8481519,2022,Spencer Knight,FLA,G,all,15,50481.0,40.46,37.0,771.0,30.24,40.0,101.53,87.0,430.12,456.0,16.89,13.0,241.11,201.0,169.31,214.0,38.87,447.0,109.0,41.0,12.2,13.27,14.99,17.0,11.0,9.0,174.0,0.0,0.0
8481519,2022,Spencer Knight,FLA,G,5on5,15,38569.0,24.91,23.0,566.0,20.68,22.0,77.25,67.0,314.33,331.0,12.78,7.0,176.84,160.0,128.8,154.0,24.21,341.0,77.0,21.0,9.44,9.26,6.21,16.0,5.0,2.0,127.0,0.0,0.0
8481519,2022,Spencer Knight,FLA,G,4on5,15,4958.0,8.5,8.0,135.0,6.95,12.0,17.39,13.0,76.93,84.0,0.5,1.0,45.66,26.0,25.01,42.0,7.72,78.0,18.0,10.0,1.88,2.1,4.52,1.0,3.0,4.0,29.0,0.0,0.0
8481519,2022,Spencer Knight,FLA,G,5on4,15,4867.0,1.23,0.0,17.0,0.61,2.0,1.79,0.0,11.21,11.0,3.03,4.0,4.05,6.0,7.9,8.0,1.23,13.0,2.0,1.0,0.27,0.33,0.63,0.0,0.0,0.0,1.0,0.0,0.0
8476412,2022,Jordan Binnington,STL,G,other,22,1424.0,4.23,3.0,44.0,1.98,1.0,4.64,5.0,26.29,23.0,0.16,0.0,16.67,17.0,7.57,9.0,3.53,18.0,14.0,4.0,0.67,1.8,1.76,0.0,1.0,2.0,8.0,0.0,0.0
8476412,2022,Jordan Binnington,STL,G,all,22,74675.0,61.01,67.0,1206.0,45.84,62.0,147.5,137.0,643.39,631.0,18.94,20.0,356.64,310.0,256.71,293.0,58.19,638.0,196.0,55.0,18.79,23.81,18.4,21.0,25.0,21.0,317.0,0.0,0.0
8476412,2022,Jordan Binnington,STL,G,5on5,22,63819.0,45.56,46.0,1009.0,35.81,51.0,124.19,117.0,522.98,515.0,16.02,17.0,287.69,249.0,215.29,247.0,44.2,531.0,159.0,36.0,16.22,19.22,10.12,18.0,20.0,8.0,283.0,0.0,0.0
8476412,2022,Jordan Binnington,STL,G,4on5,22,4004.0,9.61,16.0,131.0,7.32,9.0,16.64,12.0,80.22,78.0,0.37,0.0,48.13,40.0,24.74,29.0,8.89,78.0,19.0,12.0,1.57,2.15,5.88,3.0,4.0,9.0,22.0,0.0,0.0
8476412,2022,Jordan Binnington,STL,G,5on4,22,5428.0,1.38,2.0,19.0,0.64,1.0,1.72,2.0,12.45,13.0,2.25,3.0,3.51,3.0,8.42,8.0,1.34,10.0,3.0,3.0,0.31,0.43,0.64,0.0,0.0,2.0,3.0,0.0,0.0
8477465,2022,Tristan Jarry,PIT,G,other,19,1843.0,3.78,4.0,55.0,2.6,4.0,7.25,4.0,35.07,33.0,1.0,0.0,20.75,19.0,12.57,17.0,3.47,29.0,17.0,2.0,1.19,1.97,0.61,0.0,3.0,1.0,7.0,0.0,0.0
8477465,2022,Tristan Jarry,PIT,G,all,19,68844.0,52.26,51.0,1092.0,41.59,47.0,141.35,121.0,601.03,641.0,21.74,18.0,333.47,287.0,245.23,315.0,49.92,631.0,156.0,47.0,17.7,18.77,15.78,11.0,22.0,18.0,258.0,2.0,1.0
8477465,2022,Tristan Jarry,PIT,G,5on5,19,54433.0,37.31,33.0,850.0,29.83,32.0,112.66,91.0,458.78,489.0,16.57,16.0,253.96,224.0,190.52,251.0,35.66,491.0,118.0,31.0,14.05,14.04,9.23,9.0,16.0,8.0,210.0,2.0,1.0
8477465,2022,Tristan Jarry,PIT,G,4on5,19,5795.0,8.65,11.0,157.0,7.8,9.0,18.73,23.0,85.12,93.0,0.46,0.0,51.64,39.0,27.54,32.0,8.31,94.0,12.0,11.0,1.93,1.54,5.18,2.0,1.0,8.0,40.0,0.0,0.0
8477465,2022,Tristan Jarry,PIT,G,5on4,19,6773.0,2.37,2.0,28.0,1.29,2.0,2.6,3.0,21.18,25.0,3.72,2.0,6.83,5.0,14.26,15.0,2.33,17.0,8.0,3.0,0.53,1.09,0.76,0.0,1.0,1.0,0.0,0.0,0.0
8478024,2022,Ville Husso,DET,G,other,19,2318.0,4.31,6.0,75.0,4.67,3.0,8.53,4.0,43.5,41.0,0.88,2.0,28.9,33.0,11.99,14.0,3.82,43.0,12.0,5.0,1.62,1.61,1.08,3.0,2.0,1.0,15.0,0.0,0.0
8478024,2022,Ville Husso,DET,G,all,19,67549.0,53.79,48.0,1092.0,41.41,54.0,133.46,92.0,579.27,569.0,18.6,11.0,324.68,312.0,226.48,281.0,48.55,600.0,142.0,57.0,17.85,17.49,18.44,24.0,12.0,12.0,293.0,0.0,0.0
8478024,2022,Ville Husso,DET,G,5on5,19,54303.0,38.44,31.0,852.0,29.4,43.0,107.01,78.0,444.95,440.0,13.6,6.0,244.79,235.0,180.7,218.0,36.39,470.0,106.0,39.0,14.07,13.12,11.26,17.0,8.0,6.0,237.0,0.0,0.0
8478024,2022,Ville Husso,DET,G,4on5,19,4836.0,10.17,9.0,144.0,6.73,8.0,15.98,10.0,77.61,71.0,0.52,0.0,46.55,43.0,24.06,34.0,7.48,72.0,22.0,12.0,1.73,2.53,5.91,3.0,2.0,4.0,38.0,0.0,0.0
8478024,2022,Ville Husso,DET,G,5on4,19,6092.0,0.67,1.0,20.0,0.56,0.0,1.82,0.0,12.34,16.0,3.57,3.0,4.12,1.0,9.46,15.0,0.66,15.0,2.0,0.0,0.43,0.24,0.0,1.0,0.0,0.0,3.0,0.0,0.0
8480280,2022,Jeremy Swayman,BOS,G,other,10,599.0,0.58,0.0,10.0,0.6,1.0,1.49,0.0,5.99,5.0,0.47,0.0,3.33,2.0,1.67,4.0,0.58,5.0,3.0,0.0,0.11,0.47,0.0,0.0,0.0,0.0,2.0,0.0,0.0
8480280,2022,Jeremy Swayman,BOS,G,all,10,29538.0,21.46,23.0,372.0,14.81,18.0,47.11,43.0,205.6,204.0,10.29,11.0,109.17,74.0,80.5,117.0,21.12,184.0,75.0,21.0,5.22,9.25,6.99,6.0,11.0,6.0,92.0,0.0,0.0
8480280,2022,Jeremy Swayman,BOS,G,5on5,10,23474.0,14.91,16.0,301.0,11.02,14.0,38.06,33.0,161.18,159.0,7.74,10.0,85.8,63.0,64.9,91.0,14.63,149.0,58.0,13.0,4.47,6.93,3.51,6.0,8.0,2.0,81.0,0.0,0.0
8480280,2022,Jeremy Swayman,BOS,G,4on5,10,2620.0,4.72,6.0,49.0,2.68,3.0,6.42,8.0,29.66,30.0,0.23,0.0,17.23,8.0,8.88,15.0,4.66,24.0,12.0,5.0,0.42,1.61,2.68,0.0,3.0,3.0,8.0,0.0,0.0
8480280,2022,Jeremy Swayman,BOS,G,5on4,10,2845.0,0.98,1.0,9.0,0.37,0.0,0.71,2.0,6.54,7.0,1.77,1.0,1.78,0.0,3.99,5.0,0.98,4.0,1.0,3.0,0.1,0.08,0.8,0.0,0.0,1.0,1.0,0.0,0.0
8480947,2022,Kevin Lankinen,NSH,G,other,7,574.0,0.61,0.0,15.0,0.62,0.0,1.42,3.0,7.55,8.0,0.24,0.0,5.91,5.0,2.18,3.0,0.56,9.0,2.0,0.0,0.39,0.21,0.0,0.0,0.0,0.0,4.0,0.0,0.0
8480947,2022,Kevin Lankinen,NSH,G,all,7,23737.0,20.85,15.0,427.0,15.74,21.0,53.74,50.0,226.0,229.0,6.05,6.0,126.13,104.0,88.03,116.0,19.72,224.0,68.0,20.0,7.19,8.36,5.3,7.0,5.0,3.0,115.0,0.0,0.0
8480947,2022,Kevin Lankinen,NSH,G,5on5,7,19413.0,13.65,10.0,323.0,10.9,12.0,41.15,41.0,167.35,167.0,4.97,6.0,92.92,71.0,67.8,94.0,13.37,177.0,44.0,11.0,5.14,5.72,2.79,5.0,3.0,2.0,91.0,0.0,0.0
8480947,2022,Kevin Lankinen,NSH,G,4on5,7,1915.0,5.97,5.0,75.0,3.81,9.0,9.92,4.0,42.93,45.0,0.06,0.0,24.73,24.0,12.15,14.0,5.17,31.0,18.0,9.0,1.42,2.04,2.51,2.0,2.0,1.0,17.0,0.0,0.0
8480947,2022,Kevin Lankinen,NSH,G,5on4,7,1835.0,0.63,0.0,14.0,0.42,0.0,1.25,2.0,8.17,9.0,0.77,0.0,2.58,4.0,5.9,5.0,0.62,7.0,4.0,0.0,0.23,0.39,0.0,0.0,0.0,0.0,3.0,0.0,0.0
8478009,2022,Ilya Sorokin,NYI,G,other,20,1664.0,5.16,2.0,49.0,2.48,7.0,6.46,9.0,31.86,31.0,0.79,0.0,17.66,12.0,9.09,10.0,4.47,17.0,17.0,8.0,0.48,1.99,2.69,0.0,1.0,1.0,7.0,0.0,0.0
8478009,2022,Ilya Sorokin,NYI,G,all,20,68539.0,58.81,45.0,1161.0,45.27,80.0,147.43,136.0,623.97,601.0,19.42,14.0,340.73,283.0,241.39,284.0,55.74,634.0,154.0,67.0,17.1,19.43,22.28,12.0,16.0,17.0,306.0,0.0,0.0
8478009,2022,Ilya Sorokin,NYI,G,5on5,20,56369.0,45.13,33.0,934.0,33.89,62.0,121.8,110.0,498.41,476.0,15.29,13.0,270.32,223.0,198.84,237.0,43.14,518.0,119.0,50.0,14.64,15.14,15.35,10.0,11.0,12.0,247.0,0.0,0.0
8478009,2022,Ilya Sorokin,NYI,G,4on5,20,5326.0,7.62,8.0,161.0,8.29,11.0,17.45,15.0,81.38,80.0,0.52,0.0,49.08,45.0,24.73,29.0,7.23,88.0,14.0,8.0,1.79,1.86,3.97,2.0,3.0,3.0,51.0,0.0,0.0
8478009,2022,Ilya Sorokin,NYI,G,5on4,20,5180.0,0.91,2.0,17.0,0.6,0.0,1.71,2.0,12.33,14.0,2.8,1.0,3.67,3.0,8.73,8.0,0.89,11.0,4.0,1.0,0.2,0.44,0.27,0.0,1.0,1.0,1.0,0.0,0.0
8475789,2022,Jack Campbell,EDM,G,other,13,1464.0,3.16,2.0,33.0,1.49,1.0,3.16,7.0,18.66,21.0,0.32,1.0,11.54,10.0,5.04,5.0,2.93,13.0,7.0,5.0,0.44,0.79,1.92,0.0,1.0,1.0,8.0,0.0,0.0
8475789,2022,Jack Campbell,EDM,G,all,13,43669.0,39.21,50.0,674.0,26.15,33.0,88.76,85.0,377.43,391.0,12.75,14.0,204.22,174.0,148.13,165.0,37.72,383.0,87.0,49.0,11.53,10.37,17.31,12.0,17.0,21.0,155.0,2.0,1.0
8475789,2022,Jack Campbell,EDM,G,5on5,13,34404.0,24.5,33.0,514.0,18.87,29.0,70.11,62.0,283.75,289.0,9.83,10.0,153.26,132.0,115.78,127.0,23.8,297.0,68.0,27.0,8.87,8.28,7.34,12.0,13.0,8.0,122.0,2.0,1.0
8475789,2022,Jack Campbell,EDM,G,4on5,13,3861.0,10.36,14.0,110.0,5.31,3.0,13.8,15.0,64.04,70.0,0.54,0.0,36.19,28.0,19.27,24.0,9.8,62.0,10.0,15.0,1.8,1.1,7.47,0.0,3.0,11.0,23.0,0.0,0.0
8475789,2022,Jack Campbell,EDM,G,5on4,13,3940.0,1.2,1.0,17.0,0.48,0.0,1.69,1.0,10.98,11.0,2.07,3.0,3.24,4.0,8.04,9.0,1.19,11.0,2.0,2.0,0.42,0.19,0.58,0.0,0.0,1.0,2.0,0.0,0.0
8476883,2022,Andrei Vasilevskiy,TBL,G,other,20,2087.0,2.69,1.0,44.0,1.67,0.0,4.44,3.0,23.18,22.0,0.98,1.0,13.35,14.0,9.07,12.0,2.61,18.0,12.0,2.0,0.58,1.45,0.66,0.0,1.0,0.0,12.0,0.0,0.0
8476883,2022,Andrei Vasilevskiy,TBL,G,all,20,71763.0,61.62,53.0,1100.0,42.4,47.0,130.49,105.0,589.02,597.0,21.62,19.0,319.71,245.0,230.61,336.0,59.12,557.0,181.0,66.0,16.04,22.17,23.4,15.0,19.0,19.0,296.0,0.0,0.0
8476883,2022,Andrei Vasilevskiy,TBL,G,5on5,20,55501.0,42.24,34.0,818.0,29.77,37.0,100.73,88.0,436.43,445.0,16.77,14.0,234.68,172.0,173.47,254.0,40.77,412.0,139.0,44.0,12.16,17.17,12.92,9.0,16.0,9.0,223.0,0.0,0.0
8476883,2022,Andrei Vasilevskiy,TBL,G,4on5,20,7260.0,14.75,14.0,203.0,9.8,10.0,22.38,12.0,107.37,108.0,0.51,0.0,64.23,54.0,32.16,52.0,13.82,107.0,21.0,19.0,2.71,2.47,9.58,4.0,1.0,9.0,56.0,0.0,0.0
8476883,2022,Andrei Vasilevskiy,TBL,G,5on4,20,6915.0,1.93,4.0,35.0,1.16,0.0,2.93,2.0,22.05,22.0,3.36,4.0,7.45,5.0,15.91,18.0,1.92,20.0,9.0,1.0,0.59,1.08,0.26,2.0,1.0,1.0,5.0,0.0,0.0
8473575,2022,Semyon Varlamov,NYI,G,other,10,1047.0,2.1,4.0,43.0,1.53,1.0,3.04,3.0,16.19,14.0,0.11,0.0,11.86,11.0,3.85,3.0,1.94,13.0,7.0,3.0,0.53,0.89,0.68,1.0,2.0,1.0,20.0,0.0,0.0
8473575,2022,Semyon Varlamov,NYI,G,all,10,35025.0,29.98,26.0,598.0,22.59,29.0,72.17,57.0,311.09,311.0,10.2,8.0,179.06,149.0,123.58,169.0,28.43,315.0,93.0,30.0,10.12,11.32,8.53,8.0,14.0,4.0,160.0,0.0,0.0
8473575,2022,Semyon Varlamov,NYI,G,5on5,10,27243.0,21.44,18.0,451.0,16.34,23.0,57.47,46.0,239.45,236.0,7.84,7.0,133.95,110.0,98.72,133.0,20.62,251.0,66.0,19.0,8.09,8.25,5.1,7.0,9.0,2.0,115.0,0.0,0.0
8473575,2022,Semyon Varlamov,NYI,G,4on5,10,3318.0,6.1,4.0,92.0,4.37,5.0,10.58,8.0,49.81,52.0,0.18,0.0,30.74,26.0,16.55,26.0,5.59,43.0,20.0,7.0,1.37,2.19,2.53,0.0,3.0,1.0,22.0,0.0,0.0
8473575,2022,Semyon Varlamov,NYI,G,5on4,10,3417.0,0.35,0.0,12.0,0.35,0.0,1.09,0.0,5.64,9.0,2.06,1.0,2.52,2.0,4.46,7.0,0.28,8.0,0.0,1.0,0.13,0.0,0.21,0.0,0.0,0.0,3.0,0.0,0.0
8471734,2022,Jonathan Quick,LAK,G,other,21,2000.0,5.99,5.0,62.0,3.2,7.0,6.82,10.0,38.28,38.0,0.64,2.0,20.99,17.0,11.79,10.0,4.98,25.0,19.0,6.0,1.16,2.46,2.37,0.0,2.0,3.0,12.0,0.0,0.0
8471734,2022,Jonathan Quick,LAK,G,all,21,72099.0,59.85,71.0,1132.0,43.66,58.0,135.22,138.0,607.57,601.0,21.18,28.0,334.54,287.0,242.13,268.0,56.89,591.0,192.0,52.0,18.0,23.91,17.94,22.0,31.0,18.0,297.0,2.0,1.0
8471734,2022,Jonathan Quick,LAK,G,5on5,21,58091.0,41.44,47.0,879.0,31.89,43.0,107.55,106.0,461.63,450.0,16.98,22.0,252.34,218.0,187.75,214.0,39.92,460.0,141.0,35.0,14.02,17.73,9.7,20.0,20.0,7.0,243.0,2.0,1.0
8471734,2022,Jonathan Quick,LAK,G,4on5,21,5602.0,10.3,14.0,159.0,7.57,7.0,17.8,20.0,86.31,91.0,0.49,0.0,54.75,48.0,27.86,28.0,9.92,88.0,24.0,9.0,2.19,2.79,5.32,2.0,4.0,8.0,38.0,0.0,0.0
8471734,2022,Jonathan Quick,LAK,G,5on4,21,6406.0,2.01,4.0,31.0,0.96,1.0,2.94,2.0,20.51,21.0,3.05,4.0,6.12,4.0,14.36,16.0,1.95,18.0,7.0,2.0,0.63,0.82,0.55,0.0,4.0,0.0,4.0,0.0,0.0
8480313,2022,Logan Thompson,VGK,G,other,20,1875.0,3.51,2.0,64.0,2.69,3.0,6.21,10.0,31.25,32.0,0.55,0.0,19.45,15.0,10.08,13.0,3.44,31.0,9.0,3.0,1.15,1.0,1.36,0.0,1.0,1.0,21.0,2.0,1.0
8480313,2022,Logan Thompson,VGK,G,all,20,72012.0,56.73,54.0,1270.0,44.3,53.0,147.37,167.0,633.76,647.0,19.74,30.0,351.8,283.0,254.97,293.0,54.27,650.0,170.0,56.0,18.28,20.31,18.13,14.0,21.0,19.0,394.0,2.0,1.0
8480313,2022,Logan Thompson,VGK,G,5on5,20,58801.0,41.26,37.0,1015.0,33.3,41.0,120.96,140.0,502.49,507.0,15.41,24.0,276.78,222.0,207.19,232.0,39.64,523.0,139.0,34.0,14.91,16.69,9.65,13.0,17.0,7.0,319.0,0.0,0.0
8480313,2022,Logan Thompson,VGK,G,4on5,20,4908.0,10.16,14.0,162.0,7.33,8.0,17.41,16.0,81.52,86.0,0.35,0.0,49.29,44.0,24.22,28.0,9.44,78.0,17.0,16.0,1.9,2.02,6.24,1.0,3.0,10.0,51.0,0.0,0.0
8480313,2022,Logan Thompson,VGK,G,5on4,20,6428.0,1.8,1.0,29.0,0.97,1.0,2.79,1.0,18.5,22.0,3.41,6.0,6.28,2.0,13.47,20.0,1.75,18.0,5.0,3.0,0.31,0.61,0.88,0.0,0.0,1.0,3.0,0.0,0.0
8475660,2022,Cam Talbot,OTT,G,other,15,613.0,0.33,0.0,12.0,0.56,1.0,1.67,2.0,7.44,7.0,0.15,0.0,4.01,4.0,3.18,2.0,0.32,10.0,0.0,0.0,0.33,0.0,0.0,0.0,0.0,0.0,2.0,0.0,0.0
8475660,2022,Cam Talbot,OTT,G,all,15,46566.0,38.21,33.0,719.0,27.77,43.0,89.97,87.0,390.21,396.0,15.86,14.0,205.65,162.0,153.69,191.0,36.85,370.0,119.0,39.0,11.23,14.42,12.55,11.0,11.0,11.0,191.0,0.0,0.0
8475660,2022,Cam Talbot,OTT,G,5on5,15,37205.0,25.04,24.0,548.0,19.29,23.0,70.11,68.0,291.17,297.0,12.51,11.0,154.18,123.0,116.0,148.0,24.34,285.0,89.0,20.0,8.72,10.84,5.48,9.0,9.0,6.0,154.0,0.0,0.0
8475660,2022,Cam Talbot,OTT,G,4on5,15,4134.0,9.96,8.0,125.0,6.63,15.0,14.84,13.0,69.55,68.0,0.47,0.0,40.27,32.0,20.95,24.0,9.44,59.0,22.0,14.0,1.84,2.47,5.65,2.0,2.0,4.0,30.0,0.0,0.0
8475660,2022,Cam Talbot,OTT,G,5on4,15,4614.0,2.59,1.0,29.0,1.18,4.0,2.9,4.0,19.69,22.0,2.65,3.0,6.29,2.0,12.37,15.0,2.47,14.0,8.0,4.0,0.27,1.11,1.21,0.0,0.0,1.0,3.0,0.0,0.0
8479979,2022,Jake Oettinger,DAL,G,other,21,1759.0,4.32,1.0,47.0,2.22,1.0,5.45,4.0,27.29,22.0,0.66,0.0,17.02,12.0,9.01,21.0,4.0,25.0,9.0,5.0,0.89,1.13,2.3,0.0,1.0,0.0,8.0,0.0,0.0
8479979,2022,Jake Oettinger,DAL,G,all,21,70794.0,53.09,49.0,1108.0,42.05,45.0,135.19,113.0,595.87,581.0,20.89,18.0,334.39,280.0,238.74,330.0,51.36,613.0,159.0,51.0,16.43,19.77,16.88,14.0,17.0,18.0,285.0,0.0,0.0
8479979,2022,Jake Oettinger,DAL,G,5on5,21,56083.0,37.34,36.0,830.0,28.99,31.0,105.0,90.0,443.69,429.0,15.84,16.0,244.92,203.0,182.36,248.0,36.26,458.0,120.0,35.0,12.84,14.95,9.55,12.0,12.0,12.0,217.0,0.0,0.0
8479979,2022,Jake Oettinger,DAL,G,4on5,21,7312.0,9.26,10.0,197.0,9.76,12.0,21.33,17.0,103.57,105.0,0.69,0.0,65.54,62.0,34.67,42.0,8.96,115.0,19.0,10.0,2.2,2.31,4.75,1.0,3.0,6.0,53.0,0.0,0.0
8479979,2022,Jake Oettinger,DAL,G,5on4,21,5640.0,1.55,1.0,23.0,0.68,0.0,1.94,1.0,15.03,17.0,3.53,2.0,4.4,2.0,10.01,15.0,1.54,10.0,8.0,1.0,0.24,1.02,0.28,0.0,1.0,0.0,4.0,0.0,0.0
8477361,2022,Cal Petersen,LAK,G,other,10,1502.0,3.81,5.0,44.0,1.99,0.0,4.25,4.0,25.45,22.0,0.37,1.0,14.78,13.0,8.38,11.0,3.71,15.0,16.0,3.0,0.75,1.87,1.19,3.0,0.0,2.0,10.0,0.0,0.0
8477361,2022,Cal Petersen,LAK,G,all,10,32608.0,24.75,34.0,509.0,17.67,16.0,57.83,53.0,259.62,257.0,9.34,10.0,147.88,127.0,103.63,121.0,24.1,254.0,90.0,16.0,8.03,10.75,5.97,16.0,7.0,11.0,149.0,0.0,0.0
8477361,2022,Cal Petersen,LAK,G,5on5,10,26243.0,15.75,19.0,394.0,12.95,12.0,46.53,45.0,197.46,197.0,7.02,8.0,111.42,97.0,81.13,93.0,15.33,208.0,57.0,9.0,6.28,7.02,2.45,9.0,5.0,5.0,120.0,0.0,0.0
8477361,2022,Cal Petersen,LAK,G,4on5,10,2195.0,4.85,10.0,62.0,2.55,4.0,6.29,4.0,31.49,32.0,0.13,0.0,20.08,13.0,10.14,14.0,4.72,26.0,15.0,4.0,0.87,1.64,2.33,4.0,2.0,4.0,17.0,0.0,0.0
8477361,2022,Cal Petersen,LAK,G,5on4,10,2668.0,0.34,0.0,9.0,0.19,0.0,0.76,0.0,5.21,6.0,1.82,1.0,1.59,4.0,3.99,3.0,0.34,5.0,2.0,0.0,0.12,0.22,0.0,0.0,0.0,0.0,2.0,0.0,0.0
8477484,2022,Spencer Martin,VAN,G,other,14,1105.0,1.93,3.0,30.0,1.1,0.0,2.72,3.0,15.28,15.0,0.38,0.0,9.09,9.0,5.64,4.0,1.9,13.0,7.0,1.0,0.6,0.85,0.49,1.0,2.0,0.0,9.0,0.0,0.0
8477484,2022,Spencer Martin,VAN,G,all,14,46987.0,42.07,45.0,777.0,30.0,38.0,95.25,73.0,425.7,414.0,12.88,20.0,230.83,193.0,170.23,216.0,40.52,410.0,122.0,50.0,12.51,14.49,15.06,16.0,15.0,14.0,195.0,0.0,0.0
8477484,2022,Spencer Martin,VAN,G,5on5,14,38257.0,29.27,31.0,614.0,22.42,29.0,78.83,59.0,332.85,328.0,9.86,17.0,181.68,156.0,135.05,170.0,28.14,337.0,86.0,35.0,9.99,10.26,9.03,14.0,10.0,7.0,156.0,0.0,0.0
8477484,2022,Spencer Martin,VAN,G,4on5,14,3417.0,8.54,9.0,106.0,5.38,8.0,11.41,9.0,59.41,55.0,0.16,0.0,34.39,26.0,18.4,26.0,8.21,47.0,23.0,10.0,1.42,2.7,4.42,1.0,2.0,6.0,26.0,0.0,0.0
8477484,2022,Spencer Martin,VAN,G,5on4,14,4208.0,1.71,2.0,21.0,0.81,0.0,1.57,1.0,14.24,12.0,2.36,3.0,4.02,2.0,9.53,13.0,1.7,10.0,5.0,3.0,0.34,0.56,0.81,0.0,1.0,1.0,3.0,0.0,0.0
8478007,2022,Elvis Merzlikins,CBJ,G,other,13,1275.0,2.68,4.0,32.0,1.36,1.0,3.22,1.0,17.87,17.0,0.44,2.0,11.17,10.0,6.02,8.0,2.5,14.0,7.0,4.0,0.59,0.84,1.25,1.0,2.0,1.0,7.0,0.0,0.0
8478007,2022,Elvis Merzlikins,CBJ,G,all,13,38757.0,34.18,52.0,685.0,25.64,44.0,88.15,72.0,373.47,378.0,10.17,11.0,207.69,173.0,148.8,163.0,31.75,387.0,90.0,40.0,10.78,10.77,12.63,21.0,19.0,12.0,168.0,2.0,1.0
8478007,2022,Elvis Merzlikins,CBJ,G,5on5,13,30521.0,24.44,40.0,515.0,17.97,32.0,69.04,56.0,280.74,282.0,7.95,7.0,153.02,120.0,113.16,127.0,23.35,294.0,65.0,28.0,8.05,7.79,8.6,16.0,15.0,9.0,128.0,2.0,1.0
8478007,2022,Elvis Merzlikins,CBJ,G,4on5,13,3817.0,5.88,6.0,122.0,5.7,10.0,14.25,13.0,63.21,64.0,0.31,0.0,39.79,40.0,21.11,20.0,4.76,67.0,15.0,7.0,1.69,1.74,2.45,2.0,2.0,2.0,33.0,0.0,0.0
8478007,2022,Elvis Merzlikins,CBJ,G,5on4,13,3144.0,1.18,2.0,16.0,0.61,1.0,1.64,2.0,11.67,15.0,1.47,2.0,3.71,3.0,8.51,8.0,1.15,12.0,3.0,1.0,0.45,0.4,0.33,2.0,0.0,0.0,0.0,0.0,0.0
8475809,2022,Scott Wedgewood,DAL,G,other,11,526.0,1.59,2.0,11.0,0.64,0.0,1.48,2.0,8.11,9.0,0.22,0.0,3.31,2.0,2.75,4.0,1.53,2.0,4.0,4.0,0.08,0.51,0.99,0.0,2.0,0.0,1.0,0.0,0.0
8475809,2022,Scott Wedgewood,DAL,G,all,11,34287.0,31.77,29.0,531.0,22.14,29.0,68.13,67.0,298.89,314.0,9.32,10.0,162.08,128.0,117.14,153.0,30.51,277.0,94.0,40.0,8.34,11.69,11.74,7.0,16.0,6.0,120.0,0.0,0.0
8475809,2022,Scott Wedgewood,DAL,G,5on5,11,27808.0,21.38,20.0,417.0,16.18,23.0,55.09,53.0,231.94,241.0,7.41,8.0,127.12,96.0,91.84,123.0,20.81,229.0,67.0,23.0,6.64,8.4,6.35,5.0,12.0,3.0,98.0,0.0,0.0
8475809,2022,Scott Wedgewood,DAL,G,4on5,11,3433.0,7.32,7.0,80.0,4.46,5.0,9.25,9.0,45.38,46.0,0.2,0.0,26.46,24.0,13.88,17.0,6.77,32.0,21.0,10.0,1.18,2.5,3.63,2.0,2.0,3.0,17.0,0.0,0.0
8475809,2022,Scott Wedgewood,DAL,G,5on4,11,2520.0,1.33,0.0,17.0,0.72,1.0,1.66,2.0,10.53,15.0,1.47,2.0,3.8,4.0,7.07,8.0,1.25,10.0,2.0,3.0,0.29,0.28,0.76,0.0,0.0,0.0,2.0,0.0,0.0
8477831,2022,Pheonix Copley,LAK,G,other,2,270.0,0.54,0.0,10.0,0.56,0.0,0.93,3.0,5.77,6.0,0.01,0.0,4.06,3.0,1.72,1.0,0.52,6.0,2.0,0.0,0.27,0.26,0.0,0.0,0.0,0.0,2.0,0.0,0.0
8477831,2022,Pheonix Copley,LAK,G,all,2,7197.0,5.38,4.0,121.0,4.29,7.0,14.22,13.0,57.9,55.0,2.11,3.0,32.08,26.0,21.13,24.0,5.02,58.0,16.0,5.0,1.97,2.12,1.29,3.0,0.0,1.0,42.0,0.0,0.0
8477831,2022,Pheonix Copley,LAK,G,5on5,2,5699.0,2.98,2.0,85.0,2.55,4.0,10.02,6.0,38.55,32.0,1.71,2.0,21.11,18.0,15.05,20.0,2.91,43.0,8.0,2.0,1.27,1.17,0.53,2.0,0.0,0.0,32.0,0.0,0.0
8477831,2022,Pheonix Copley,LAK,G,4on5,2,558.0,1.63,2.0,24.0,1.09,3.0,3.09,4.0,12.14,15.0,0.0,0.0,6.45,4.0,3.35,2.0,1.35,8.0,6.0,2.0,0.4,0.69,0.55,1.0,0.0,1.0,8.0,0.0,0.0
8477831,2022,Pheonix Copley,LAK,G,5on4,2,670.0,0.23,0.0,2.0,0.08,0.0,0.17,0.0,1.45,2.0,0.4,1.0,0.46,1.0,1.0,1.0,0.23,1.0,0.0,1.0,0.02,0.0,0.21,0.0,0.0,0.0,0.0,0.0,0.0
8470860,2022,Jaroslav Halak,NYR,G,other,8,757.0,2.27,2.0,21.0,0.74,1.0,1.81,2.0,11.24,13.0,0.22,1.0,6.25,6.0,3.59,4.0,2.25,9.0,3.0,3.0,0.33,0.32,1.62,0.0,0.0,2.0,6.0,0.0,0.0
8470860,2022,Jaroslav Halak,NYR,G,all,8,28403.0,21.94,24.0,414.0,15.85,16.0,47.57,43.0,215.95,214.0,9.86,13.0,121.19,98.0,83.44,112.0,21.26,204.0,73.0,20.0,6.5,9.24,6.2,8.0,10.0,6.0,117.0,0.0,0.0
8470860,2022,Jaroslav Halak,NYR,G,5on5,8,22895.0,15.73,19.0,323.0,11.82,13.0,38.95,38.0,168.09,168.0,7.51,11.0,92.35,70.0,66.58,87.0,15.14,160.0,57.0,14.0,5.15,7.23,3.36,8.0,9.0,2.0,92.0,0.0,0.0
8470860,2022,Jaroslav Halak,NYR,G,4on5,8,2341.0,3.32,3.0,62.0,2.9,2.0,6.18,2.0,31.16,26.0,0.29,0.0,20.79,21.0,9.84,16.0,3.27,31.0,10.0,3.0,0.88,1.22,1.22,0.0,1.0,2.0,18.0,0.0,0.0
8470860,2022,Jaroslav Halak,NYR,G,5on4,8,2410.0,0.61,0.0,8.0,0.39,0.0,0.63,1.0,5.45,7.0,1.84,1.0,1.81,1.0,3.43,5.0,0.61,4.0,3.0,0.0,0.13,0.48,0.0,0.0,0.0,0.0,1.0,0.0,0.0
8480843,2022,Lukas Dostal,ANA,G,other,1,62.0,0.07,0.0,1.0,0.04,0.0,0.14,0.0,0.77,1.0,0.0,0.0,0.34,0.0,0.4,1.0,0.07,1.0,0.0,0.0,0.07,0.0,0.0,0.0,0.0,0.0,0.0,0.0,0.0
8480843,2022,Lukas Dostal,ANA,G,all,1,3600.0,4.22,3.0,71.0,2.94,3.0,8.6,6.0,39.86,38.0,0.93,1.0,22.84,27.0,15.08,15.0,4.14,35.0,13.0,7.0,0.92,1.6,1.7,1.0,0.0,2.0,16.0,0.0,0.0
8480843,2022,Lukas Dostal,ANA,G,5on5,1,2937.0,2.94,1.0,58.0,2.27,2.0,7.2,6.0,32.03,31.0,0.68,1.0,18.31,22.0,12.26,12.0,2.89,29.0,12.0,3.0,0.64,1.52,0.78,0.0,0.0,1.0,14.0,0.0,0.0
8480843,2022,Lukas Dostal,ANA,G,4on5,1,303.0,0.98,2.0,10.0,0.51,1.0,1.02,0.0,5.98,4.0,0.06,0.0,3.56,3.0,1.73,2.0,0.96,4.0,1.0,3.0,0.2,0.08,0.7,1.0,0.0,1.0,2.0,0.0,0.0
8480843,2022,Lukas Dostal,ANA,G,5on4,1,298.0,0.23,0.0,2.0,0.12,0.0,0.24,0.0,1.08,2.0,0.19,0.0,0.64,2.0,0.69,0.0,0.23,1.0,0.0,1.0,0.01,0.0,0.21,0.0,0.0,0.0,0.0,0.0,0.0
8482821,2022,Arvid Soderblom,CHI,G,other,13,557.0,1.2,2.0,15.0,0.61,0.0,1.22,1.0,7.23,5.0,0.13,1.0,4.41,3.0,2.32,3.0,1.17,3.0,5.0,2.0,0.12,0.58,0.49,0.0,1.0,1.0,5.0,0.0,0.0
8482821,2022,Arvid Soderblom,CHI,G,all,13,42998.0,38.11,38.0,747.0,27.87,37.0,94.54,96.0,405.87,403.0,10.05,8.0,215.8,165.0,161.45,200.0,36.57,399.0,109.0,43.0,11.49,13.74,12.88,14.0,14.0,10.0,196.0,0.0,0.0
8482821,2022,Arvid Soderblom,CHI,G,5on5,13,35846.0,30.03,27.0,620.0,22.61,33.0,81.73,86.0,340.22,338.0,7.85,5.0,181.4,142.0,136.1,164.0,28.88,341.0,90.0,32.0,10.02,11.35,8.66,13.0,9.0,5.0,157.0,0.0,0.0
8482821,2022,Arvid Soderblom,CHI,G,4on5,13,2747.0,4.75,7.0,84.0,3.7,3.0,9.09,8.0,41.66,47.0,0.2,0.0,24.28,19.0,12.83,17.0,4.42,41.0,9.0,6.0,0.92,1.0,2.84,1.0,3.0,3.0,28.0,0.0,0.0
8482821,2022,Arvid Soderblom,CHI,G,5on4,13,3848.0,2.0,2.0,21.0,0.76,1.0,1.79,0.0,13.77,11.0,1.81,2.0,4.23,1.0,8.8,14.0,1.97,10.0,5.0,3.0,0.31,0.81,0.88,0.0,1.0,1.0,3.0,0.0,0.0
8478048,2022,Igor Shesterkin,NYR,G,other,22,2195.0,6.56,6.0,59.0,2.9,3.0,6.91,7.0,36.88,37.0,0.31,1.0,19.29,19.0,12.02,14.0,5.44,18.0,21.0,10.0,0.65,2.6,3.31,0.0,3.0,3.0,10.0,0.0,0.0
8478048,2022,Igor Shesterkin,NYR,G,all,22,80068.0,63.94,56.0,1207.0,44.27,46.0,149.75,114.0,657.8,666.0,22.0,20.0,353.27,305.0,267.07,369.0,60.89,651.0,192.0,58.0,18.91,23.5,21.53,21.0,17.0,18.0,306.0,0.0,0.0
8478048,2022,Igor Shesterkin,NYR,G,5on5,22,65162.0,42.16,37.0,953.0,32.82,32.0,121.74,89.0,507.84,512.0,16.36,12.0,272.49,237.0,209.0,293.0,41.03,516.0,147.0,33.0,15.43,17.9,8.82,21.0,9.0,7.0,257.0,0.0,0.0
8478048,2022,Igor Shesterkin,NYR,G,4on5,22,5922.0,12.7,11.0,151.0,7.24,9.0,16.16,14.0,84.0,85.0,0.62,0.0,51.05,43.0,27.21,37.0,11.94,87.0,17.0,13.0,1.95,2.1,8.64,0.0,3.0,8.0,34.0,0.0,0.0
8478048,2022,Igor Shesterkin,NYR,G,5on4,22,6789.0,1.8,1.0,29.0,0.82,2.0,3.21,1.0,20.64,22.0,4.28,5.0,6.26,2.0,14.27,21.0,1.75,20.0,5.0,2.0,0.44,0.61,0.75,0.0,1.0,0.0,2.0,0.0,0.0
8474596,2022,Jake Allen,MTL,G,other,19,2123.0,8.49,5.0,62.0,2.48,2.0,6.4,5.0,36.77,37.0,1.11,0.0,18.1,18.0,11.4,16.0,5.59,21.0,11.0,16.0,0.87,1.32,6.29,0.0,4.0,1.0,14.0,0.0,0.0
8474596,2022,Jake Allen,MTL,G,all,19,68467.0,67.2,62.0,1159.0,45.37,65.0,140.39,116.0,618.35,624.0,17.21,11.0,335.56,290.0,234.72,293.0,61.31,577.0,184.0,83.0,16.76,23.04,27.4,17.0,26.0,19.0,315.0,0.0,0.0
8474596,2022,Jake Allen,MTL,G,5on5,19,53100.0,43.97,45.0,834.0,30.4,49.0,105.93,87.0,441.54,438.0,13.3,4.0,231.69,184.0,172.23,221.0,41.79,405.0,143.0,51.0,12.24,17.86,13.87,14.0,20.0,11.0,235.0,0.0,0.0
8474596,2022,Jake Allen,MTL,G,4on5,19,6998.0,13.52,12.0,241.0,11.54,14.0,25.49,24.0,124.93,129.0,0.35,0.0,79.88,82.0,40.36,40.0,12.71,135.0,25.0,15.0,3.31,3.19,7.02,3.0,2.0,7.0,66.0,0.0,0.0
8474596,2022,Jake Allen,MTL,G,5on4,19,6246.0,1.22,0.0,22.0,0.97,0.0,2.57,0.0,15.11,20.0,2.45,7.0,5.9,6.0,10.74,16.0,1.22,16.0,5.0,1.0,0.33,0.67,0.22,0.0,0.0,0.0,0.0,0.0,0.0
8476341,2022,Anton Forsberg,OTT,G,other,16,2108.0,6.47,2.0,43.0,1.86,3.0,4.73,4.0,26.41,27.0,0.6,2.0,12.32,17.0,7.68,7.0,3.95,17.0,6.0,11.0,0.61,0.86,5.0,1.0,0.0,1.0,9.0,0.0,0.0
8476341,2022,Anton Forsberg,OTT,G,all,16,49942.0,52.53,45.0,875.0,33.96,57.0,111.11,104.0,486.34,490.0,14.38,17.0,261.26,214.0,189.67,231.0,48.23,477.0,120.0,69.0,13.56,14.82,24.15,11.0,14.0,20.0,209.0,0.0,0.0
8476341,2022,Anton Forsberg,OTT,G,5on5,16,37971.0,31.92,28.0,640.0,23.22,41.0,83.8,74.0,349.22,348.0,10.67,14.0,187.16,150.0,141.09,174.0,30.62,352.0,90.0,38.0,10.27,11.04,10.61,8.0,11.0,9.0,160.0,0.0,0.0
8476341,2022,Anton Forsberg,OTT,G,4on5,16,5571.0,11.97,12.0,163.0,7.85,11.0,19.39,21.0,91.12,91.0,0.45,1.0,54.68,40.0,29.01,41.0,11.52,90.0,19.0,17.0,2.18,2.22,7.56,2.0,1.0,9.0,37.0,0.0,0.0
8476341,2022,Anton Forsberg,OTT,G,5on4,16,4292.0,1.19,1.0,19.0,0.56,2.0,1.79,3.0,12.9,17.0,2.41,0.0,3.96,4.0,9.1,7.0,1.17,13.0,2.0,2.0,0.28,0.21,0.69,0.0,1.0,0.0,2.0,0.0,0.0
8478872,2022,Karel Vejmelka,ARI,G,other,19,2157.0,7.29,4.0,73.0,3.48,6.0,7.77,7.0,42.4,41.0,0.33,2.0,24.93,23.0,13.17,17.0,6.34,28.0,22.0,8.0,1.3,2.8,3.2,1.0,2.0,1.0,15.0,0.0,0.0
8478872,2022,Karel Vejmelka,ARI,G,all,19,68100.0,73.8,58.0,1240.0,50.26,64.0,153.67,170.0,680.44,665.0,13.86,18.0,383.54,333.0,262.02,297.0,68.99,636.0,239.0,71.0,20.77,29.98,23.05,17.0,27.0,14.0,294.0,0.0,0.0
8478872,2022,Karel Vejmelka,ARI,G,5on5,19,51791.0,44.32,34.0,887.0,33.52,44.0,113.78,134.0,479.59,476.0,10.61,13.0,267.79,224.0,192.65,213.0,42.87,476.0,153.0,39.0,14.73,19.41,10.17,13.0,15.0,6.0,219.0,0.0,0.0
8478872,2022,Karel Vejmelka,ARI,G,4on5,19,7750.0,20.47,19.0,251.0,12.29,14.0,29.37,25.0,141.83,127.0,0.45,0.0,84.23,81.0,44.85,54.0,18.07,113.0,62.0,21.0,4.1,7.52,8.85,3.0,9.0,7.0,55.0,0.0,0.0
8478872,2022,Karel Vejmelka,ARI,G,5on4,19,6402.0,1.36,0.0,21.0,0.73,0.0,1.87,2.0,12.24,16.0,2.39,3.0,4.54,4.0,9.03,11.0,1.36,14.0,1.0,3.0,0.4,0.13,0.84,0.0,0.0,0.0,3.0,0.0,0.0
8479193,2022,Casey DeSmith,PIT,G,other,10,655.0,1.94,3.0,22.0,0.92,1.0,2.06,2.0,11.33,12.0,0.17,1.0,6.15,4.0,3.56,5.0,1.77,7.0,5.0,3.0,0.28,0.72,0.95,1.0,1.0,1.0,7.0,0.0,0.0
8479193,2022,Casey DeSmith,PIT,G,all,10,35954.0,30.02,28.0,622.0,23.89,26.0,75.0,66.0,330.41,333.0,9.92,15.0,185.56,151.0,135.49,180.0,29.0,344.0,89.0,28.0,10.96,10.93,8.13,9.0,10.0,9.0,161.0,2.0,1.0
8479193,2022,Casey DeSmith,PIT,G,5on5,10,29747.0,22.27,22.0,496.0,17.63,20.0,60.71,52.0,258.87,259.0,8.52,14.0,144.53,118.0,107.27,142.0,21.79,276.0,66.0,19.0,8.58,8.11,5.58,6.0,8.0,8.0,135.0,2.0,1.0
8479193,2022,Casey DeSmith,PIT,G,4on5,10,2941.0,4.55,3.0,87.0,4.77,4.0,10.69,9.0,49.03,48.0,0.3,0.0,31.5,29.0,16.78,22.0,4.28,49.0,18.0,3.0,1.65,2.11,0.8,2.0,1.0,0.0,17.0,0.0,0.0
8479193,2022,Casey DeSmith,PIT,G,5on4,10,2611.0,1.25,0.0,17.0,0.58,1.0,1.54,3.0,11.17,14.0,0.93,0.0,3.38,0.0,7.88,11.0,1.16,12.0,0.0,3.0,0.45,0.0,0.8,0.0,0.0,0.0,2.0,0.0,0.0
8476914,2022,Joonas Korpisalo,CBJ,G,other,12,1429.0,4.63,3.0,48.0,2.33,3.0,5.65,9.0,30.33,27.0,0.39,1.0,17.21,14.0,9.15,11.0,4.32,24.0,9.0,7.0,0.98,1.09,2.56,0.0,0.0,3.0,8.0,0.0,0.0
8476914,2022,Joonas Korpisalo,CBJ,G,all,12,36699.0,37.49,36.0,689.0,25.18,37.0,83.11,109.0,368.5,370.0,9.24,9.0,200.26,147.0,142.97,159.0,35.89,364.0,90.0,47.0,10.24,10.64,16.62,13.0,8.0,15.0,188.0,0.0,0.0
8476914,2022,Joonas Korpisalo,CBJ,G,5on5,12,30754.0,25.23,25.0,549.0,18.18,28.0,66.67,87.0,280.31,286.0,7.73,8.0,150.73,113.0,114.05,120.0,24.22,280.0,74.0,30.0,8.13,8.7,8.41,12.0,8.0,5.0,165.0,0.0,0.0
8476914,2022,Joonas Korpisalo,CBJ,G,4on5,12,2634.0,6.45,7.0,79.0,4.19,4.0,9.49,13.0,49.02,49.0,0.25,0.0,29.76,19.0,14.6,21.0,6.26,54.0,4.0,8.0,0.91,0.48,5.07,0.0,0.0,7.0,13.0,0.0,0.0
8476914,2022,Joonas Korpisalo,CBJ,G,5on4,12,1882.0,1.12,0.0,12.0,0.43,2.0,1.18,0.0,8.18,7.0,0.87,0.0,2.24,1.0,4.72,7.0,1.03,5.0,3.0,2.0,0.16,0.37,0.58,0.0,0.0,0.0,2.0,0.0,0.0
8479973,2022,Stuart Skinner,EDM,G,other,17,1858.0,3.31,5.0,40.0,1.92,0.0,4.62,3.0,23.66,26.0,0.52,0.0,12.85,15.0,7.46,6.0,2.93,17.0,10.0,4.0,0.63,1.26,1.42,0.0,3.0,2.0,9.0,0.0,0.0
8479973,2022,Stuart Skinner,EDM,G,all,17,59958.0,49.15,46.0,999.0,39.84,53.0,134.44,130.0,571.71,571.0,15.88,17.0,314.16,278.0,225.44,257.0,47.74,580.0,157.0,45.0,16.68,18.84,13.63,14.0,17.0,15.0,217.0,0.0,0.0
8479973,2022,Stuart Skinner,EDM,G,5on5,17,47950.0,36.84,28.0,774.0,28.15,36.0,106.29,106.0,440.43,435.0,12.26,12.0,237.47,210.0,178.8,212.0,36.09,444.0,127.0,31.0,13.32,15.27,8.24,10.0,11.0,7.0,172.0,0.0,0.0
8479973,2022,Stuart Skinner,EDM,G,4on5,17,5338.0,8.19,12.0,168.0,9.35,17.0,22.06,18.0,97.32,98.0,0.31,1.0,60.64,52.0,31.4,30.0,7.91,109.0,17.0,9.0,2.48,1.95,3.76,3.0,3.0,6.0,33.0,0.0,0.0
8479973,2022,Stuart Skinner,EDM,G,5on4,17,4812.0,0.81,1.0,17.0,0.42,0.0,1.47,3.0,10.31,12.0,2.8,4.0,3.2,1.0,7.79,9.0,0.81,10.0,3.0,1.0,0.24,0.35,0.22,1.0,0.0,0.0,3.0,0.0,0.0
8475852,2022,Petr Mrazek,CHI,G,other,9,414.0,2.08,2.0,22.0,1.16,2.0,2.47,1.0,13.19,16.0,0.33,0.0,7.59,7.0,4.16,5.0,1.96,11.0,5.0,2.0,0.54,0.47,1.07,0.0,1.0,1.0,4.0,0.0,0.0
8475852,2022,Petr Mrazek,CHI,G,all,9,30202.0,26.57,34.0,545.0,20.21,30.0,66.64,50.0,282.9,293.0,6.61,4.0,161.88,135.0,112.96,141.0,25.05,298.0,73.0,27.0,9.2,8.53,8.83,18.0,9.0,7.0,147.0,2.0,1.0
8475852,2022,Petr Mrazek,CHI,G,5on5,9,24640.0,17.56,22.0,435.0,14.63,20.0,54.28,42.0,219.82,226.0,5.09,3.0,126.58,105.0,90.51,115.0,16.79,248.0,46.0,17.0,7.52,5.31,4.73,16.0,2.0,4.0,124.0,2.0,1.0
8475852,2022,Petr Mrazek,CHI,G,4on5,9,2612.0,6.35,10.0,77.0,4.05,8.0,8.82,6.0,42.71,44.0,0.2,0.0,25.17,23.0,13.07,12.0,5.72,32.0,19.0,8.0,0.95,2.37,3.04,2.0,6.0,2.0,18.0,0.0,0.0
8475852,2022,Petr Mrazek,CHI,G,5on4,9,2536.0,0.59,0.0,11.0,0.37,0.0,1.08,1.0,7.19,7.0,0.99,1.0,2.54,0.0,5.22,9.0,0.59,7.0,3.0,0.0,0.2,0.38,0.0,0.0,0.0,0.0,1.0,0.0,0.0
8479406,2022,Filip Gustavsson,MIN,G,other,10,1413.0,3.57,3.0,31.0,1.38,5.0,4.67,1.0,20.36,20.0,0.34,0.0,8.73,5.0,6.91,12.0,3.31,17.0,3.0,6.0,0.57,0.39,2.61,0.0,0.0,3.0,5.0,0.0,0.0
8479406,2022,Filip Gustavsson,MIN,G,all,10,34987.0,27.48,24.0,552.0,20.25,26.0,70.6,62.0,300.33,300.0,10.37,10.0,164.55,136.0,121.25,158.0,26.53,316.0,72.0,26.0,9.02,8.26,10.2,8.0,6.0,10.0,138.0,0.0,0.0
8479406,2022,Filip Gustavsson,MIN,G,5on5,10,28565.0,17.86,15.0,433.0,14.74,17.0,56.47,52.0,233.98,232.0,8.33,9.0,129.35,104.0,98.89,130.0,17.42,253.0,59.0,13.0,7.25,6.8,3.81,8.0,5.0,2.0,108.0,0.0,0.0
8479406,2022,Filip Gustavsson,MIN,G,4on5,10,2534.0,5.54,6.0,82.0,4.01,4.0,9.11,9.0,42.8,44.0,0.17,0.0,25.57,26.0,13.4,13.0,5.3,44.0,9.0,6.0,1.15,0.99,3.4,0.0,1.0,5.0,23.0,0.0,0.0
8479406,2022,Filip Gustavsson,MIN,G,5on4,10,2475.0,0.5,0.0,6.0,0.12,0.0,0.35,0.0,3.19,4.0,1.52,1.0,0.9,1.0,2.05,3.0,0.5,2.0,1.0,1.0,0.04,0.08,0.38,0.0,0.0,0.0,2.0,0.0,0.0
8470880,2022,Brian Elliott,TBL,G,other,7,742.0,3.49,0.0,37.0,1.54,6.0,4.4,9.0,20.32,22.0,0.22,0.0,11.13,8.0,5.75,4.0,3.27,11.0,11.0,5.0,0.59,1.32,1.58,0.0,0.0,0.0,10.0,0.0,0.0
8470880,2022,Brian Elliott,TBL,G,all,7,25498.0,26.05,24.0,420.0,16.63,30.0,51.94,70.0,228.97,229.0,7.06,10.0,123.94,85.0,88.0,97.0,24.51,199.0,84.0,31.0,6.12,9.99,9.94,4.0,10.0,10.0,106.0,0.0,0.0
8470880,2022,Brian Elliott,TBL,G,5on5,7,21118.0,17.58,17.0,314.0,12.11,21.0,41.03,54.0,173.1,171.0,5.46,10.0,92.27,57.0,68.46,82.0,16.62,157.0,59.0,21.0,4.67,7.17,5.74,4.0,7.0,6.0,77.0,0.0,0.0
8470880,2022,Brian Elliott,TBL,G,4on5,7,1688.0,4.23,5.0,57.0,2.67,3.0,5.7,5.0,29.46,29.0,0.18,0.0,18.55,18.0,9.84,10.0,3.87,27.0,11.0,4.0,0.76,1.17,2.3,0.0,2.0,3.0,15.0,0.0,0.0
8470880,2022,Brian Elliott,TBL,G,5on4,7,1950.0,0.56,2.0,9.0,0.23,0.0,0.59,0.0,4.51,5.0,0.97,0.0,1.43,2.0,3.08,1.0,0.56,4.0,1.0,1.0,0.1,0.13,0.33,0.0,1.0,1.0,3.0,0.0,0.0
8476945,2022,Connor Hellebuyck,WPG,G,other,21,2266.0,3.48,4.0,55.0,2.13,3.0,6.19,5.0,28.31,30.0,1.0,1.0,16.54,17.0,9.58,9.0,3.3,23.0,11.0,5.0,0.86,1.36,1.26,2.0,2.0,0.0,16.0,0.0,0.0
8476945,2022,Connor Hellebuyck,WPG,G,all,21,75662.0,64.09,49.0,1227.0,47.34,66.0,157.87,100.0,675.62,700.0,21.31,12.0,371.73,329.0,269.39,372.0,60.2,674.0,190.0,69.0,19.01,24.28,20.8,15.0,16.0,18.0,294.0,0.0,0.0
8476945,2022,Connor Hellebuyck,WPG,G,5on5,21,62621.0,48.03,33.0,998.0,36.37,51.0,132.07,84.0,547.28,565.0,16.75,7.0,298.37,260.0,223.08,314.0,45.79,561.0,150.0,45.0,16.25,19.38,12.4,11.0,12.0,10.0,242.0,0.0,0.0
8476945,2022,Connor Hellebuyck,WPG,G,4on5,21,5358.0,11.07,11.0,155.0,8.1,11.0,17.75,11.0,86.08,88.0,0.35,1.0,52.62,51.0,27.47,34.0,9.71,77.0,27.0,16.0,1.66,3.31,6.11,2.0,2.0,7.0,35.0,0.0,0.0
8476945,2022,Connor Hellebuyck,WPG,G,5on4,21,5417.0,1.5,1.0,19.0,0.75,1.0,1.85,0.0,13.95,17.0,3.21,3.0,4.2,1.0,9.26,15.0,1.4,13.0,2.0,3.0,0.23,0.24,1.03,0.0,0.0,1.0,1.0,0.0,0.0
8475831,2022,Philipp Grubauer,SEA,G,other,8,145.0,0.3,1.0,5.0,0.24,0.0,0.47,0.0,2.74,3.0,0.02,0.0,1.81,2.0,1.05,1.0,0.3,2.0,2.0,0.0,0.06,0.24,0.0,0.0,1.0,0.0,1.0,0.0,0.0
8475831,2022,Philipp Grubauer,SEA,G,all,8,25789.0,21.44,23.0,361.0,14.25,17.0,43.58,42.0,193.83,195.0,7.41,4.0,108.09,77.0,76.98,108.0,20.79,175.0,73.0,23.0,4.92,8.63,7.89,3.0,9.0,11.0,90.0,0.0,0.0
8475831,2022,Philipp Grubauer,SEA,G,5on5,8,21041.0,14.95,11.0,289.0,10.75,15.0,35.83,35.0,154.03,154.0,6.27,3.0,83.52,62.0,62.78,87.0,14.41,140.0,59.0,14.0,4.31,7.05,3.58,2.0,6.0,3.0,76.0,0.0,0.0
8475831,2022,Philipp Grubauer,SEA,G,4on5,8,2391.0,6.1,10.0,63.0,3.08,2.0,6.72,7.0,34.94,37.0,0.17,0.0,21.5,12.0,11.39,18.0,6.0,29.0,12.0,9.0,0.46,1.34,4.31,0.0,2.0,8.0,13.0,0.0,0.0
8475831,2022,Philipp Grubauer,SEA,G,5on4,8,2212.0,0.09,1.0,4.0,0.18,0.0,0.55,0.0,2.12,1.0,0.93,1.0,1.27,1.0,1.76,2.0,0.09,4.0,0.0,0.0,0.09,0.0,0.0,1.0,0.0,0.0,0.0,0.0,0.0
