{
    "adam vinatieri": [
        "Ind",
        "K",
        "3727"
    ],
    "phil dawson": [
        "Cle",
        "K",
        "4269"
    ],
    "sebastian janikowski": [
        "Sea",
        "K",
        "5046"
    ],
    "josh mccown": [
        "Phi",
        "QB",
        "5967"
    ],
    "matt bryant": [
        "Atl",
        "K",
        "6243"
    ],
    "jason witten": [
        "Dal",
        "TE",
        "6405"
    ],
    "antonio gates": [
        "LAC",
        "TE",
        "6663"
    ],
    "eli manning": [
        "NYG",
        "QB",
        "6760"
    ],
    "ben watson": [
        "NE",
        "TE",
        "6791"
    ],
    "matt schaub": [
        "Atl",
        "QB",
        "6849"
    ],
    "alex smith": [
        "Was",
        "QB",
        "7177"
    ],
    "mike nugent": [
        "Oak",
        "K",
        "7223"
    ],
    "frank gore": [
        "Buf",
        "RB",
        "7241"
    ],
    "darren sproles": [
        "Phi",
        "RB",
        "7306"
    ],
    "derek anderson": [
        "Buf",
        "QB",
        "7389"
    ],
    "matt cassel": [
        "Det",
        "QB",
        "7406"
    ],
    "ryan fitzpatrick": [
        "Mia",
        "QB",
        "7426"
    ],
    "robbie gould": [
        "SF",
        "K",
        "7520"
    ],
    "vernon davis": [
        "Was",
        "TE",
        "7755"
    ],
    "marcedes lewis": [
        "GB",
        "TE",
        "7777"
    ],
    "ted ginn jr.": [
        "NO",
        "WR",
        "8263"
    ],
    "marshawn lynch": [
        "Oak",
        "RB",
        "8266"
    ],
    "drew stanton": [
        "Cle",
        "QB",
        "8297"
    ],
    "clark harris": [
        "Cin",
        "TE",
        "8497"
    ],
    "matt moore": [
        "KC",
        "QB",
        "8544"
    ]
}