{
    "jeremy langford": [
        "Atl",
        "RB",
        "28494"
    ],
    "justin hardy": [
        "Atl",
        "WR",
        "28495"
    ],
    "blake bell": [
        "KC",
        "TE",
        "28505"
    ],
    "vince mayle": [
        "LAC",
        "TE",
        "28511"
    ],
    "javorius allen": [
        "NO",
        "RB",
        "28513"
    ],
    "mike davis": [
        "Chi",
        "RB",
        "28514"
    ],
    "rashad greene sr.": [
        "Jax",
        "WR",
        "28527"
    ],
    "mycole pruitt": [
        "Ten",
        "TE",
        "28531"
    ],
    "brett hundley": [
        "Ari",
        "QB",
        "28535"
    ],
    "jay ajayi": [
        "Phi",
        "RB",
        "28537"
    ],
    "karlos williams": [
        "Pit",
        "RB",
        "28543"
    ],
    "c.j. uzomah": [
        "Cin",
        "TE",
        "28545"
    ],
    "j.j. nelson": [
        "Oak",
        "WR",
        "28547"
    ],
    "jesse james": [
        "Det",
        "TE",
        "28548"
    ],
    "michael burton": [
        "NO",
        "RB",
        "28556"
    ],
    "nick boyle": [
        "Bal",
        "TE",
        "28559"
    ],
    "james oshaughnessy": [
        "Jax",
        "TE",
        "28561"
    ],
    "cameron artis-payne": [
        "Car",
        "RB",
        "28562"
    ],
    "geremy davis": [
        "LAC",
        "WR",
        "28574"
    ],
    "nick oleary": [
        "Mia",
        "TE",
        "28582"
    ],
    "malcolm johnson": [
        "GB",
        "RB",
        "28583"
    ],
    "a.j. derby": [
        "NO",
        "TE",
        "28590"
    ],
    "darren waller": [
        "Oak",
        "TE",
        "28592"
    ],
    "aaron ripkowski": [
        "KC",
        "RB",
        "28594"
    ],
    "neal sterling": [
        "KC",
        "TE",
        "28608"
    ]
}