{
    "kalif raymond": [
        "Ten",
        "WR",
        "29631"
    ],
    "maurice harris": [
        "NE",
        "WR",
        "29638"
    ],
    "j.d. mckissic": [
        "Det",
        "RB",
        "29650"
    ],
    "joshua perkins": [
        "Phi",
        "TE",
        "29654"
    ],
    "nick rose": [
        "LAC",
        "K",
        "29659"
    ],
    "brandon wilds": [
        "SF",
        "RB",
        "29661"
    ],
    "j.p. holtz": [
        "Was",
        "TE",
        "29666"
    ],
    "marcus johnson": [
        "Ind",
        "WR",
        "29678"
    ],
    "byron marshall": [
        "Buf",
        "RB",
        "29680"
    ],
    "hunter sharp": [
        "Cin",
        "WR",
        "29682"
    ],
    "rob kelley": [
        "NO",
        "RB",
        "29694"
    ],
    "joe kerridge": [
        "Cle",
        "RB",
        "29695"
    ],
    "tra carson": [
        "GB",
        "RB",
        "29700"
    ],
    "alex erickson": [
        "Cin",
        "WR",
        "29703"
    ],
    "alonzo russell": [
        "NYG",
        "WR",
        "29710"
    ],
    "taylor bertolet": [
        "NYJ",
        "K",
        "29712"
    ],
    "joe callahan": [
        "Bal",
        "QB",
        "29722"
    ],
    "cole wick": [
        "Ten",
        "TE",
        "29783"
    ],
    "stephen anderson": [
        "NE",
        "TE",
        "29789"
    ],
    "jalin marshall": [
        "Oak",
        "WR",
        "29791"
    ],
    "tevin jones": [
        "Pit",
        "WR",
        "29795"
    ],
    "jason vander laan": [
        "Car",
        "TE",
        "29806"
    ],
    "trevone boykin": [
        "Sea",
        "QB",
        "29812"
    ],
    "tre madden": [
        "Sea",
        "RB",
        "29821"
    ],
    "tanner mcevoy": [
        "Ten",
        "WR",
        "29825"
    ]
}