{
    "jake rudock": [
        "Mia",
        "QB",
        "29425"
    ],
    "danny vitale": [
        "GB",
        "RB",
        "29431"
    ],
    "derek watt": [
        "LAC",
        "RB",
        "29432"
    ],
    "cody core": [
        "NYG",
        "WR",
        "29433"
    ],
    "brandon allen": [
        "Den",
        "QB",
        "29435"
    ],
    "mike thomas": [
        "LAR",
        "WR",
        "29440"
    ],
    "jeff driskel": [
        "Cin",
        "QB",
        "29441"
    ],
    "aaron burbridge": [
        "Den",
        "WR",
        "29447"
    ],
    "darius jackson": [
        "Dal",
        "RB",
        "29450"
    ],
    "rico gathers": [
        "Cle",
        "TE",
        "29451"
    ],
    "thomas duarte": [
        "Atl",
        "TE",
        "29465"
    ],
    "dwayne washington": [
        "NO",
        "RB",
        "29470"
    ],
    "daniel lasco ii": [
        "NO",
        "RB",
        "29471"
    ],
    "charone peake": [
        "NYJ",
        "WR",
        "29475"
    ],
    "jake mcgee": [
        "Pit",
        "TE",
        "29504"
    ],
    "kenneth farrow": [
        "Mia",
        "RB",
        "29518"
    ],
    "jamaal jones": [
        "Car",
        "WR",
        "29521"
    ],
    "kyle carter": [
        "Buf",
        "TE",
        "29537"
    ],
    "marken michel": [
        "Phi",
        "WR",
        "29540"
    ],
    "alan cross": [
        "TB",
        "TE",
        "29571"
    ],
    "russell hansbrough": [
        "Was",
        "RB",
        "29575"
    ],
    "josh ferguson": [
        "Hou",
        "RB",
        "29599"
    ],
    "chester rogers": [
        "Ind",
        "WR",
        "29609"
    ],
    "mose frazier": [
        "Car",
        "WR",
        "29618"
    ],
    "henry krieger-coble": [
        "LAR",
        "TE",
        "29623"
    ]
}