{
    "cyril grayson jr.": [
        "NO",
        "WR",
        "30111"
    ],
    "mo alie-cox": [
        "Ind",
        "TE",
        "30112"
    ],
    "john ross iii": [
        "Cin",
        "WR",
        "30122"
    ],
    "zay jones": [
        "Buf",
        "WR",
        "30150"
    ],
    "gerald everett": [
        "LAR",
        "TE",
        "30157"
    ],
    "adam shaheen": [
        "Chi",
        "TE",
        "30158"
    ],
    "deshone kizer": [
        "Oak",
        "QB",
        "30165"
    ],
    "taywan taylor": [
        "Cle",
        "WR",
        "30185"
    ],
    "ardarius stewart": [
        "Was",
        "WR",
        "30192"
    ],
    "carlos henderson": [
        "Was",
        "WR",
        "30195"
    ],
    "davis webb": [
        "Buf",
        "QB",
        "30200"
    ],
    "donta foreman": [
        "Ind",
        "RB",
        "30202"
    ],
    "chad williams": [
        "Ind",
        "WR",
        "30211"
    ],
    "jonnu smith": [
        "Ten",
        "TE",
        "30213"
    ],
    "c.j. beathard": [
        "SF",
        "QB",
        "30217"
    ],
    "amara darboh": [
        "Sea",
        "WR",
        "30219"
    ],
    "samaje perine": [
        "Cin",
        "RB",
        "30227"
    ],
    "josh reynolds": [
        "LAR",
        "WR",
        "30230"
    ],
    "mack hollins": [
        "Phi",
        "WR",
        "30231"
    ],
    "michael roberts": [
        "GB",
        "TE",
        "30240"
    ],
    "josh malone": [
        "Cin",
        "WR",
        "30241"
    ],
    "donnel pumphrey": [
        "Phi",
        "RB",
        "30245"
    ],
    "ryan switzer": [
        "Pit",
        "WR",
        "30246"
    ],
    "joshua dobbs": [
        "Pit",
        "QB",
        "30248"
    ],
    "jehu chesson": [
        "Was",
        "WR",
        "30252"
    ]
}