{
    "ed dickson": [
        "Sea",
        "TE",
        "24045"
    ],
    "brandon lafell": [
        "Oak",
        "WR",
        "24053"
    ],
    "colt mccoy": [
        "Was",
        "QB",
        "24060"
    ],
    "andre roberts": [
        "Buf",
        "WR",
        "24063"
    ],
    "jimmy graham": [
        "GB",
        "TE",
        "24070"
    ],
    "michael hoomanawanui": [
        "NO",
        "TE",
        "24108"
    ],
    "joe webb iii": [
        "Hou",
        "QB",
        "24175"
    ],
    "legarrette blount": [
        "Det",
        "RB",
        "24318"
    ],
    "chris ivory": [
        "Buf",
        "RB",
        "24400"
    ],
    "logan paulsen": [
        "Hou",
        "TE",
        "24608"
    ],
    "james develin": [
        "NE",
        "RB",
        "24760"
    ],
    "blaine gabbert": [
        "TB",
        "QB",
        "24797"
    ],
    "andy dalton": [
        "Cin",
        "QB",
        "24822"
    ],
    "lance kendricks": [
        "NE",
        "TE",
        "24834"
    ],
    "torrey smith": [
        "Car",
        "WR",
        "24845"
    ],
    "randall cobb": [
        "Dal",
        "WR",
        "24851"
    ],
    "stevan ridley": [
        "Pit",
        "RB",
        "24860"
    ],
    "luke stocker": [
        "Atl",
        "TE",
        "24891"
    ],
    "taiwan jones": [
        "Hou",
        "RB",
        "24912"
    ],
    "bilal powell": [
        "NYJ",
        "RB",
        "24913"
    ],
    "anthony sherman": [
        "KC",
        "RB",
        "24923"
    ],
    "jacquizz rodgers": [
        "NO",
        "RB",
        "24932"
    ],
    "niles paul": [
        "SF",
        "TE",
        "24942"
    ],
    "lee smith": [
        "Buf",
        "TE",
        "24946"
    ],
    "charles clay": [
        "Ari",
        "TE",
        "24961"
    ]
}