{
    "kyle allen": [
        "Car",
        "QB",
        "31301"
    ],
    "reggie bonnafon": [
        "Car",
        "RB",
        "31302"
    ],
    "charles kanoff": [
        "Ari",
        "QB",
        "31308"
    ],
    "matt mccrane": [
        "Pit",
        "K",
        "31310"
    ],
    "trent sherfield": [
        "Ari",
        "WR",
        "31320"
    ],
    "jalen tolliver": [
        "KC",
        "WR",
        "31322"
    ],
    "andrew vollert": [
        "LAC",
        "TE",
        "31325"
    ],
    "steven dunbar jr.": [
        "Den",
        "WR",
        "31328"
    ],
    "ross dwelley": [
        "SF",
        "TE",
        "31329"
    ],
    "christopher ezeala": [
        "Bal",
        "RB",
        "31335"
    ],
    "kurt benkert": [
        "Atl",
        "QB",
        "31336"
    ],
    "malik williams": [
        "Pit",
        "RB",
        "31339"
    ],
    "christian blake": [
        "Atl",
        "WR",
        "31347"
    ],
    "devin gray": [
        "Atl",
        "WR",
        "31349"
    ],
    "christian scotland-williamson": [
        "Pit",
        "TE",
        "31364"
    ],
    "j.t. barrett iv": [
        "Sea",
        "QB",
        "31365"
    ],
    "steve ishmael": [
        "Ind",
        "WR",
        "31369"
    ],
    "jimmy williams iii": [
        "Den",
        "WR",
        "31383"
    ],
    "steven mitchell jr.": [
        "Hou",
        "WR",
        "31391"
    ],
    "jeff wilson jr.": [
        "SF",
        "RB",
        "31394"
    ],
    "martez carter": [
        "NO",
        "RB",
        "31396"
    ],
    "simmie cobbs jr.": [
        "NO",
        "WR",
        "31397"
    ],
    "matt flanagan": [
        "Was",
        "TE",
        "31400"
    ],
    "demornay pierson-el": [
        "Oak",
        "WR",
        "31404"
    ],
    "cam sims": [
        "Was",
        "WR",
        "31405"
    ]
}