{
    "brandon powell": [
        "Atl",
        "WR",
        "31641"
    ],
    "teo redding": [
        "GB",
        "WR",
        "31642"
    ],
    "chris lacy": [
        "Det",
        "WR",
        "31651"
    ],
    "ralph webb": [
        "Pit",
        "RB",
        "31653"
    ],
    "ryan nall": [
        "Chi",
        "RB",
        "31662"
    ],
    "cole hunt": [
        "Car",
        "TE",
        "31680"
    ],
    "ben johnson": [
        "LAC",
        "TE",
        "31682"
    ],
    "j.j. jones": [
        "NYJ",
        "WR",
        "31683"
    ],
    "detrez newsome": [
        "LAC",
        "RB",
        "31685"
    ],
    "brogan roback": [
        "Pit",
        "QB",
        "31695"
    ],
    "damoun patterson": [
        "NE",
        "WR",
        "31701"
    ],
    "robert martin": [
        "NE",
        "RB",
        "31704"
    ],
    "deontez alexander": [
        "Det",
        "WR",
        "31705"
    ],
    "ryan yurachek": [
        "Dal",
        "RB",
        "31715"
    ],
    "darvin kidsy jr.": [
        "Was",
        "WR",
        "31722"
    ],
    "codey mcelroy": [
        "Dal",
        "TE",
        "31732"
    ],
    "luis perez": [
        "Det",
        "QB",
        "31734"
    ],
    "davon grayson": [
        "KC",
        "WR",
        "31739"
    ],
    "austin roberts": [
        "LAC",
        "TE",
        "31747"
    ],
    "jaeden graham": [
        "Atl",
        "TE",
        "31749"
    ],
    "garrett dickerson": [
        "NYG",
        "TE",
        "31751"
    ],
    "josh crockett": [
        "KC",
        "WR",
        "31758"
    ],
    "khadarel hodge": [
        "Cle",
        "WR",
        "31769"
    ],
    "blake jackson": [
        "Cle",
        "WR",
        "31775"
    ],
    "malik turner": [
        "Sea",
        "WR",
        "31777"
    ]
}