{
    "chandler cox": [
        "Mia",
        "RB",
        "32065"
    ],
    "myles gaskin": [
        "Mia",
        "RB",
        "32066"
    ],
    "john ursua": [
        "Sea",
        "WR",
        "32068"
    ],
    "terry godwin": [
        "Car",
        "WR",
        "32069"
    ],
    "dillon mitchell": [
        "Min",
        "WR",
        "32071"
    ],
    "olabisi johnson": [
        "Min",
        "WR",
        "32079"
    ],
    "caleb wilson": [
        "Ari",
        "TE",
        "32086"
    ],
    "tyre brady": [
        "Jax",
        "WR",
        "32088"
    ],
    "raphael leonard": [
        "Jax",
        "WR",
        "32093"
    ],
    "carson meier": [
        "Atl",
        "TE",
        "32094"
    ],
    "dredrick snelson": [
        "Jax",
        "WR",
        "32098"
    ],
    "michael walker": [
        "Jax",
        "WR",
        "32101"
    ],
    "papi white": [
        "Ten",
        "WR",
        "32103"
    ],
    "shawn bane": [
        "Atl",
        "WR",
        "32109"
    ],
    "kahlil lewis": [
        "Sea",
        "WR",
        "32115"
    ],
    "c.j. worton": [
        "Atl",
        "WR",
        "32122"
    ],
    "olamide zaccheaus": [
        "Atl",
        "WR",
        "32123"
    ],
    "alex bachman": [
        "LAR",
        "WR",
        "32124"
    ],
    "kendall blanton": [
        "LAR",
        "TE",
        "32125"
    ],
    "romello brooker": [
        "LAR",
        "TE",
        "32127"
    ],
    "keenen brown": [
        "LAR",
        "TE",
        "32128"
    ],
    "matt colburn": [
        "LAR",
        "RB",
        "32129"
    ],
    "nsimba webster": [
        "LAR",
        "WR",
        "32137"
    ],
    "jake browning": [
        "Min",
        "QB",
        "32138"
    ],
    "khari blasingame": [
        "Min",
        "RB",
        "32140"
    ]
}