{
    "davion davis": [
        "Min",
        "WR",
        "32141"
    ],
    "brandon dillon": [
        "Min",
        "TE",
        "32142"
    ],
    "alexander hollins": [
        "Min",
        "WR",
        "32143"
    ],
    "elijah holyfield": [
        "Car",
        "RB",
        "32148"
    ],
    "damion jeanpiere jr.": [
        "Car",
        "WR",
        "32150"
    ],
    "drew anderson": [
        "Ari",
        "QB",
        "32152"
    ],
    "drew belcher": [
        "Ari",
        "TE",
        "32153"
    ],
    "a.j. richardson": [
        "Ari",
        "WR",
        "32159"
    ],
    "xavier turner": [
        "Sea",
        "RB",
        "32162"
    ],
    "jerome washington": [
        "Ari",
        "TE",
        "32163"
    ],
    "travon mcmillian": [
        "Pit",
        "RB",
        "32170"
    ],
    "trevor wood": [
        "Pit",
        "TE",
        "32173"
    ],
    "matthew wright": [
        "Pit",
        "K",
        "32174"
    ],
    "jonathan lloyd": [
        "LAR",
        "WR",
        "32176"
    ],
    "justin sumpter": [
        "LAR",
        "WR",
        "32179"
    ],
    "kano dillon": [
        "Was",
        "TE",
        "32183"
    ],
    "t.j. rahming": [
        "Mia",
        "WR",
        "32186"
    ],
    "steven sims jr.": [
        "Was",
        "WR",
        "32187"
    ],
    "trinity benson": [
        "Den",
        "WR",
        "32189"
    ],
    "austin fort": [
        "Den",
        "TE",
        "32191"
    ],
    "romell guerrier": [
        "Den",
        "WR",
        "32193"
    ],
    "jonvea johnson": [
        "Dal",
        "WR",
        "32200"
    ],
    "jalen guyton": [
        "Dal",
        "WR",
        "32201"
    ],
    "emmanuel butler": [
        "NO",
        "WR",
        "32211"
    ],
    "george aston": [
        "Den",
        "RB",
        "32216"
    ]
}