{
    "craig reynolds": [
        "Was",
        "RB",
        "32596"
    ],
    "a.j. ouellette": [
        "Cle",
        "RB",
        "32597"
    ],
    "micah wright": [
        "NO",
        "WR",
        "32599"
    ],
    "jody fortson": [
        "KC",
        "WR,TE",
        "32600"
    ],
    "jalen greene": [
        "LAR",
        "WR",
        "32604"
    ],
    "joe horn jr.": [
        "Bal",
        "WR",
        "32605"
    ],
    "dernest johnson": [
        "Cle",
        "RB",
        "32608"
    ],
    "floyd allen": [
        "Hou",
        "WR",
        "32610"
    ],
    "gunner olszewski": [
        "NE",
        "WR",
        "32612"
    ],
    "marcelias sutton": [
        "Sea",
        "RB",
        "32613"
    ],
    "fred trevillion": [
        "LAC",
        "WR",
        "32614"
    ],
    "taj mcgowan": [
        "Jax",
        "RB",
        "32615"
    ],
    "josh caldwell": [
        "Chi",
        "RB",
        "32621"
    ],
    "marcus simms": [
        "Jax",
        "WR",
        "32624"
    ],
    "jamarius way": [
        "Den",
        "WR",
        "32625"
    ],
    "acacedric ware": [
        "Ind",
        "RB",
        "32629"
    ],
    "derrick gore": [
        "LAC",
        "RB",
        "32630"
    ],
    "vincent testaverde": [
        "TB",
        "QB",
        "32634"
    ],
    "nyqwan murray": [
        "Sea",
        "WR",
        "32636"
    ],
    "joe walker": [
        "Chi",
        "WR",
        "32639"
    ],
    "jackson harris": [
        "Sea",
        "TE",
        "32640"
    ],
    "jordan taamu": [
        "Hou",
        "QB",
        "32642"
    ],
    "micky crum": [
        "Pit",
        "TE",
        "32647"
    ],
    "cameron nizialek": [
        "Bal",
        "K",
        "32650"
    ],
    "marquis young": [
        "Ind",
        "RB",
        "32652"
    ]
}